phase,epic,ticket_id,title,dependencies,primary_owner,acceptance_criterion
0,Constitution and Foundation,P0-001,Ratify product constitution,none,Product Lead,"Constitution fixes source-to-action chain, global scope, publication limits and operator authority; approval recorded."
0,Constitution and Foundation,P0-002,Create global jurisdiction registry,P0-001,Data Governance Lead,All countries and territories are represented; parent/relationship model supports all declared jurisdiction layers; missing-universe test passes.
0,Constitution and Foundation,P0-003,Define regulatory source taxonomy,P0-001,Regulatory Ontology Lead,"All binding, rulemaking, administrative, licence, market and secondary source classes map to controlled concepts."
0,Constitution and Foundation,P0-004,Define cannabis product and substance ontology,P0-001,Regulatory Ontology Lead,"Product form, intended use, cannabinoid, controlled status, dosage, material and packaging concepts pass multi-regime review."
0,Constitution and Foundation,P0-005,"Define activity, licence and facility ontology","P0-003,P0-004",Regulatory Ontology Lead,"Cultivation through destruction plus import/export, research, prescribing and dispensing map without jurisdiction-specific information loss."
0,Constitution and Foundation,P0-006,Approve provenance and truth-class specification,P0-001,Data Governance Lead,"Fact, normalized fact, interpretation, estimate, forecast and recommendation have required evidence and review rules."
0,Constitution and Foundation,P0-007,Approve source-rights policy,P0-003,Privacy/Data Rights Lead,"Collection, storage, transformation, redistribution and termination controls are documented and enforceable."
0,Constitution and Foundation,P0-008,Approve data classification and retention model,P0-001,Security Architect,"Classification, residency, retention, legal hold and deletion policies are mapped to storage and access controls."
0,Constitution and Foundation,P0-009,Complete system threat model,"P0-006,P0-008",Security Architect,"Threat model covers cross-tenant access, public leakage, source injection, SSRF, evidence tampering, model misuse and privileged access."
0,Constitution and Foundation,P0-010,Approve service and bounded-context map,"P0-002,P0-003,P0-006",Principal Architect,Ownership and transactional boundaries are fixed; canonical and derived stores are explicitly separated.
0,Constitution and Foundation,P0-011,Establish architecture decision process,P0-010,Principal Architect,"ADR template, owners, decision authority, supersession and review cadence are operational."
0,Constitution and Foundation,P0-012,Build phase-zero proof matrix,"P0-002,P0-005,P0-006,P0-009,P0-010",QA Lead,"Representative regulatory archetypes prove ontology, provenance, authorization and source-rights design; GO/HOLD signed."
1,Evidence and Regulatory Spine,P1-001,Provision canonical PostgreSQL platform,P0-012,Platform Engineer,"HA database, migrations, backups, restricted owner roles and environment isolation verified."
1,Evidence and Regulatory Spine,P1-002,Implement source registry service,P1-001,Backend Engineer,"Source CRUD enforces rights, allowed hosts, cadence, freshness SLA, parser and owner requirements."
1,Evidence and Regulatory Spine,P1-003,Implement secure acquisition runtime,P1-002,Ingestion Engineer,"Idempotent fetch, rate limiting, backoff, run locks, SSRF blocking, credentials and dead-letter handling pass tests."
1,Evidence and Regulatory Spine,P1-004,Implement immutable evidence storage,"P1-001,P1-003",Platform Engineer,"Every successful fetch writes versioned, hash-verified, retention-controlled raw evidence before processing."
1,Evidence and Regulatory Spine,P1-005,Implement document normalization pipeline,P1-004,Document Engineer,"HTML, XML, JSON, PDF, scans, tables and attachments produce versioned normalized artifacts with processing lineage."
1,Evidence and Regulatory Spine,P1-006,Implement passage and citation anchoring,P1-005,Document Engineer,Stable page/section/paragraph/table anchors survive reprocessing and reconstruct exact source passages.
1,Evidence and Regulatory Spine,P1-007,Implement document version and diff engine,"P1-005,P1-006",Data Engineer,"Structural and semantic differences identify additions, deletions, moves, status and effective-date changes."
1,Evidence and Regulatory Spine,P1-008,Implement regulatory instrument and provision service,P1-006,Backend Engineer,"Documents map to versioned instruments, provisions, legal effects, commencement and supersession relationships."
1,Evidence and Regulatory Spine,P1-009,Implement hybrid regulatory search,"P1-006,P1-008",Search Engineer,Exact legal terms and semantic concepts retrieve evidence-filtered results; indexes are reproducibly rebuilt.
1,Evidence and Regulatory Spine,P1-010,Build analyst triage and review workbench,"P1-007,P1-008",Product Engineer,"Analysts compare versions, inspect citations, classify materiality, route specialist review and record decisions."
1,Evidence and Regulatory Spine,P1-011,"Implement publication, correction and retraction","P1-006,P1-010",Backend Engineer,"No publication without evidence/review; corrections propagate to alerts, exports and public projections."
1,Evidence and Regulatory Spine,P1-012,Certify evidence-spine release,P1-001..P1-011,QA/Security Lead,"Acquisition, integrity, lineage, change recall/precision, RLS, leakage, replay and correction evidence meet Phase 1 gate."
2,"Applicability, Obligations and Workflow",P2-001,Implement organization operating profiles,P1-012,Backend Engineer,"Versioned customer facts cover entities, facilities, licences, products, activities, jurisdictions and business roles."
2,"Applicability, Obligations and Workflow",P2-002,Implement applicability DSL parser and validator,"P0-005,P2-001",Rules Engineer,"DSL validates typed facts, operators, missing-input policy, conflict policy and deterministic AST compilation."
2,"Applicability, Obligations and Workflow",P2-003,Implement deterministic applicability evaluator,P2-002,Rules Engineer,"Evaluations are reproducible by profile, rule, date and input hash and emit complete reason traces."
2,"Applicability, Obligations and Workflow",P2-004,Implement obligation extraction candidates,P1-008,ML/Extraction Engineer,"Provision candidates extract subject, action, object, conditions, exceptions, triggers, timing and evidence requirements with citations."
2,"Applicability, Obligations and Workflow",P2-005,Build obligation specialist-review workflow,P2-004,Regulatory Product Engineer,"Risk-tier routing, jurisdiction authority, dual review and version approval are enforced."
2,"Applicability, Obligations and Workflow",P2-006,Implement obligation versioning and supersession,P2-005,Backend Engineer,Current and historical obligations are time-bounded; superseded obligations cannot generate current actions.
2,"Applicability, Obligations and Workflow",P2-007,Implement control and SOP mapping,P2-006,Compliance Engineer,"Obligations map to control objectives, procedures, evidence, owner and frequency with partial/conflict semantics."
2,"Applicability, Obligations and Workflow",P2-008,Implement compliance calendar and deadlines,"P2-003,P2-006",Workflow Engineer,Relative and fixed deadlines recalculate at runtime and preserve source/effective-date lineage.
2,"Applicability, Obligations and Workflow",P2-009,"Implement alert rules, routing and digests","P2-003,P2-008",Workflow Engineer,"Alerts deduplicate, apply materiality and entitlements, explain applicability and track acknowledgement."
2,"Applicability, Obligations and Workflow",P2-010,"Implement assessments, findings and remediation",P2-007,Product Engineer,"Assessments create evidence-backed findings, owners, due dates, approvals and closure history."
2,"Applicability, Obligations and Workflow",P2-011,Implement customer evidence room and attestations,"P2-007,P2-010",Security/Product Engineer,"Tenant-isolated evidence, signatures, retention, download controls and audit bundles work end to end."
2,"Applicability, Obligations and Workflow",P2-012,Certify obligation and applicability release,P2-001..P2-011,QA/Domain Review Lead,"Counsel-reviewed benchmark has no critical false negatives; reason traces, supersession, deadlines and tenant isolation pass."
3,"Entities, Licences, Quality and Counterparties",P3-001,Implement canonical entity registry,P1-012,Registry Engineer,"Entities retain official identifiers, historical names, jurisdiction, status, evidence and public/private ownership."
3,"Entities, Licences, Quality and Counterparties",P3-002,Implement person and beneficial-owner model,P3-001,Registry Engineer,"People and ownership records follow privacy, evidence, validity and restricted-access controls."
3,"Entities, Licences, Quality and Counterparties",P3-003,Implement reversible entity resolution,"P3-001,P3-002",Data Engineer,Merge proposals expose evidence/confidence; automatic high-confidence merges meet 99% precision; split restores history.
3,"Entities, Licences, Quality and Counterparties",P3-004,Implement facility registry,P3-001,Registry Engineer,"Facilities link addresses, geolocation, operators, authorized activities, capacities and validity history."
3,"Entities, Licences, Quality and Counterparties",P3-005,Implement licence-class normalization,"P0-005,P3-004",Regulatory Data Engineer,Jurisdiction licence classes map to canonical activities without losing local conditions.
3,"Entities, Licences, Quality and Counterparties",P3-006,Implement licence ingestion and history,"P3-005,P1-003",Ingestion Engineer,"Pending, active, conditional, suspended, expired, revoked and denied states retain official evidence and change history."
3,"Entities, Licences, Quality and Counterparties",P3-007,Implement certification and GxP records,P3-004,Quality Data Engineer,"GACP/GMP/GDP/GLP/accreditation scope, issuer, validity, findings and non-compliance are normalized."
3,"Entities, Licences, Quality and Counterparties",P3-008,"Implement inspection, enforcement and recall intelligence","P3-004,P1-008",Regulatory Data Engineer,"Events link entities/facilities/products, severity, resolution and source evidence."
3,"Entities, Licences, Quality and Counterparties",P3-009,Implement counterparty risk components,"P3-003,P3-006,P3-007,P3-008",Risk Engineer,"Scores are decomposable, versioned, evidence-backed and never substitute for underlying facts."
3,"Entities, Licences, Quality and Counterparties",P3-010,Build counterparty monitoring and alerts,"P3-009,P2-009",Workflow Engineer,"Licence, ownership, quality, enforcement and recall changes re-evaluate approved counterparties."
3,"Entities, Licences, Quality and Counterparties",P3-011,Build due-diligence report and review workflow,P3-009,Product Engineer,"Reports expose sources, freshness, unresolved conflicts, reviewer status and export restrictions."
3,"Entities, Licences, Quality and Counterparties",P3-012,Certify entity/licence/counterparty release,P3-001..P3-011,QA/Data Governance Lead,"Resolution benchmark, licence history, privacy, quality evidence, risk explainability and monitoring meet gate."
4,Market Access and Import/Export Corridors,P4-001,Implement product and substance classifier,"P0-004,P1-008",Trade Product Engineer,"Products retain composition, form, strength, intended use, packaging and jurisdiction-specific controlled status."
4,Market Access and Import/Export Corridors,P4-002,Implement corridor version model,"P4-001,P3-006",Backend Engineer,"Origin, transit, destination, parties, product, purpose, quantity, date and route are immutable per version."
4,Market Access and Import/Export Corridors,P4-003,Define mandatory corridor gate library,"P2-006,P3-007",Trade/Legal Lead,"Legal, licence, permit, quota, quality, customs, logistics, insurance, contract and counterparty gates are versioned."
4,Market Access and Import/Export Corridors,P4-004,Implement corridor gate evaluator,"P4-002,P4-003,P2-003",Rules Engineer,"Gate results are deterministic, evidence-backed, expiry-aware and explain missing inputs."
4,Market Access and Import/Export Corridors,P4-005,Implement import/export permit intelligence,"P3-006,P4-003",Trade Data Engineer,"Authority, permit class, prerequisites, forms, fees, lead times and validity are normalized with official evidence."
4,Market Access and Import/Export Corridors,P4-006,"Implement customs, tax and tariff layer","P4-001,P4-002",Customs Engineer,"Commodity classifications, duties, taxes, declarations and uncertainty are date- and corridor-specific."
4,Market Access and Import/Export Corridors,P4-007,Implement quality and batch-release gates,"P3-007,P4-003",Quality Engineer,"GACP/GMP/GDP, testing, CoA, release and facility conditions evaluate against product and corridor."
4,Market Access and Import/Export Corridors,P4-008,"Implement logistics, security and transit gates","P4-002,P4-003",Supply Chain Engineer,"Carrier, storage, security, transit, route and receipt requirements are modeled and reviewed."
4,Market Access and Import/Export Corridors,P4-009,Implement GO/CONDITIONAL GO/HOLD determination,P4-004..P4-008,Trade Product Engineer,"Determination exposes blocking gates, conditions, assumptions, confidence, validity and specialist approval."
4,Market Access and Import/Export Corridors,P4-010,Build market-entry project workspace,"P4-009,P2-008",Product Engineer,"Projects sequence gates, owners, dates, documents, counterparties and approvals."
4,Market Access and Import/Export Corridors,P4-011,Build controlled deal room and document readiness,"P4-010,P2-011",Security/Product Engineer,"Matter-scoped external access, conditions, documents, expiration and audit logging work."
4,Market Access and Import/Export Corridors,P4-012,Certify corridor release,P4-001..P4-011,Trade QA/Counsel Lead,"Representative corridors pass counsel review, transit/product/quantity changes trigger re-evaluation, and no GO lacks evidence."
5,Canonical Market and Commercial Intelligence,P5-001,Implement canonical metric registry,P1-012,Market Data Architect,"Every metric has definition, inclusions, exclusions, units, period, methodology, owner and revision policy."
5,Canonical Market and Commercial Intelligence,P5-002,Implement market data zones and contracts,P5-001,Data Platform Engineer,"Raw, standardized, reconciled, canonical, analytical, published, private and restricted zones enforce contracts and rights."
5,Canonical Market and Commercial Intelligence,P5-003,Onboard official market datasets,"P5-002,P1-003",Market Data Engineer,"Approved official sales, production, inventory, licence, patient, tax and trade datasets retain source lineage."
5,Canonical Market and Commercial Intelligence,P5-004,Integrate licensed commercial datasets,"P5-002,P0-007",Data Partnerships Engineer,"POS, price or commercial feeds enforce field-level rights, tenant entitlements and termination controls."
5,Canonical Market and Commercial Intelligence,P5-005,"Implement unit, currency and period normalization","P5-003,P5-004",Data Engineer,Conversions retain rate/date lineage and never merge incompatible market definitions.
5,Canonical Market and Commercial Intelligence,P5-006,Implement metric reconciliation engine,P5-005,Data Quality Engineer,"Components, totals, revisions and source conflicts produce explicit exceptions instead of silent overwrites."
5,Canonical Market and Commercial Intelligence,P5-007,Implement observation revision history,P5-006,Backend Engineer,"Actual, preliminary, estimate, imputed, forecast and scenario states remain distinct and time-versioned."
5,Canonical Market and Commercial Intelligence,P5-008,Implement forecast and scenario registry,P5-007,Market Science Lead,"Models expose baselines, assumptions, confidence intervals, versions, approval and backtesting."
5,Canonical Market and Commercial Intelligence,P5-009,Implement commercial signal detection,"P5-003,P3-008",Market Intelligence Engineer,"Tenders, shortages, openings, capital projects, recalls, funding and partnerships produce evidence-backed signals."
5,Canonical Market and Commercial Intelligence,P5-010,Build market explorer and executive reports,"P5-006,P5-008,P5-009",Product Engineer,"Charts and reports expose as-of dates, definitions, states, sources, confidence and reconciliation notes."
5,Canonical Market and Commercial Intelligence,P5-011,Implement opportunity score methodology,"P5-006,P4-009",Market Science Lead,"Score components and weights are transparent, versioned, challengeable and never hide gating failures."
5,Canonical Market and Commercial Intelligence,P5-012,Certify market-intelligence release,P5-001..P5-011,QA/Data Governance Lead,"No conflicting canonical totals; actual/estimate/forecast labels, rights, reconciliation and forecast baselines pass."
6,Transaction and Ecosystem Layer,P6-001,Implement qualified partner discovery,"P3-009,P4-009",Marketplace Engineer,"Search returns only entitlement-appropriate counterparties with licence, quality, corridor and freshness context."
6,Transaction and Ecosystem Layer,P6-002,Implement structured demand and supply requests,P6-001,Marketplace Engineer,"Requests specify product, quantity, quality, jurisdictions, dates, documents and confidentiality."
6,Transaction and Ecosystem Layer,P6-003,Implement matching and eligibility rules,"P6-002,P4-004",Rules Engineer,"Matches cannot bypass licence, product, corridor, quality or counterparty gates."
6,Transaction and Ecosystem Layer,P6-004,Implement transaction workspace,"P6-003,P4-011",Product Engineer,"Parties manage questions, conditions, documents, approvals and change history in a matter-scoped room."
6,Transaction and Ecosystem Layer,P6-005,Implement transaction readiness determination,"P6-004,P4-009",Trade Product Engineer,"Readiness combines current corridor, counterparty, documents, quality and commercial conditions."
6,Transaction and Ecosystem Layer,P6-006,Implement shipment milestone model,P6-005,Supply Chain Engineer,"Permit, dispatch, customs, release, transit, receipt and exception events retain evidence and responsible party."
6,Transaction and Ecosystem Layer,P6-007,Implement quality-event and dispute workflow,"P6-006,P3-007",Quality Product Engineer,"Deviations, rejected batches, recalls, disputes and corrective actions are isolated and auditable."
6,Transaction and Ecosystem Layer,P6-008,Implement counterparty performance history,"P6-006,P6-007",Risk Engineer,"Delivery, document, quality and payment outcomes are evidence-backed and permissioned."
6,Transaction and Ecosystem Layer,P6-009,Implement transaction notifications and escalations,"P6-005,P2-009",Workflow Engineer,"Material condition, permit, quality and schedule changes route to responsible parties."
6,Transaction and Ecosystem Layer,P6-010,Implement lawful commercial fee controls,P6-005,Legal/Finance Lead,"Fee types, jurisdictions, tax, invoicing and licensing exposure are approved before activation."
6,Transaction and Ecosystem Layer,P6-011,Implement marketplace public/private projections,"P6-001,P6-004",Security Engineer,"Public discovery cannot expose provenance, private evidence, counterparties, negotiation or restricted data."
6,Transaction and Ecosystem Layer,P6-012,Certify transaction-layer release,P6-001..P6-011,QA/Legal/Security Lead,"Unverified parties and failed gates cannot transact; fees, documents, shipment evidence and leakage controls pass."
7,Global Institutional Depth,P7-001,Establish multilingual source operations,P1-012,Global Operations Lead,"Language-specific parsers, translation review, terminology and quality benchmarks operate by jurisdiction."
7,Global Institutional Depth,P7-002,"Expand municipal, tribal and autonomous coverage","P0-002,P1-012",Jurisdiction Programme Lead,Lower-level authorities and conflicts with higher-level law are modeled and coverage status is visible.
7,Global Institutional Depth,P7-003,Deploy regional data-residency cells,"P0-008,P1-001",Platform Architect,"Residency cells enforce tenant placement, restricted replication, encryption and tested recovery."
7,Global Institutional Depth,P7-004,Implement private and sovereign deployment pattern,P7-003,Platform Architect,"Customer-isolated deployments preserve contracts, evidence lineage, update delivery and support boundaries."
7,Global Institutional Depth,P7-005,Build government and regulator workspace,"P2-012,P3-012",Public Sector Product Lead,"Regulator workflows support controlled data exchange, inspections, registers and public transparency without customer leakage."
7,Global Institutional Depth,P7-006,Implement global coverage assurance programme,"P0-002,P1-012",Data Governance Lead,"Coverage SLAs, source gaps, legal changes, analyst capacity and public claims are continuously reconciled."
7,Global Institutional Depth,P7-007,Implement model localization and evaluation,P7-001,Model Risk Lead,"Every supported language/jurisdiction has benchmark, review authority, failure thresholds and rollback."
7,Global Institutional Depth,P7-008,Implement advanced policy and market scenarios,P5-012,Market Science Lead,"Scenarios combine regulatory probability, obligations, corridors, entities and market effects with explicit uncertainty."
7,Global Institutional Depth,P7-009,Implement customer data warehouse delivery,P5-012,Data Platform Engineer,"Versioned bulk tables, change data, rights, lineage and deletion/termination controls operate at enterprise scale."
7,Global Institutional Depth,P7-010,Implement external agent and MCP control plane,"P1-012,P2-012",API Platform Lead,"Agents receive scoped tools, citations, approvals, rate limits and auditable actions; no hidden autonomous decisions."
7,Global Institutional Depth,P7-011,Complete institutional assurance programme,"P7-003,P7-006",Security/Compliance Lead,"SOC 2/ISO readiness, BCP, privacy, accessibility, penetration testing and vendor risk are independently evidenced."
7,Global Institutional Depth,P7-012,Operate continuous global release gate,P7-001..P7-011,Programme Director,"Quarterly coverage, quality, security, model, rights, cost and commercial evidence produces GO/HOLD by module and region."
