path,http_status,content_type,bytes,width,height,format,sha256
representative/v2/advisory-services.png,200,image/png,1826007,1728,1344,PNG,80e63bfdfd14f59831cce8b29d9d284017b9b4473bcb7675ad6b55772ff1db84
representative/v2/cultivation-inputs.png,200,image/png,2008050,1728,1344,PNG,ccf2a307366913b1897a8e10d0c86d2ae217fa839c893d36d761b702b60b6ba0
representative/v2/grow-lighting.png,200,image/png,1601494,1728,1344,PNG,fd6449d0cebf24b2c7b9f35f4a8aa0bf3b110a08da0735162f6e51388b6530a0
representative/v2/packaging-equipment.png,200,image/png,2209014,1728,1344,PNG,4e6025521cb1ac15ecf1d22012bbec18ffb45a0b567dc91329eed7435d253dd1
representative/v2/packaging-pouches.png,200,image/png,2052807,1728,1344,PNG,21065bb109f583d8ac89e05b0f5f7da72c721911d8caaf631e0a8ca3ff0b203b
representative/v2/warehouse-logistics.png,200,image/png,2031909,1728,1344,PNG,c8360a8ad8b3d2c456c97244fc30d3f8e4fb1a125e211dd4b17fba08e5526068
representative/v3/bud-shredder.png,200,image/png,1785781,1728,1344,PNG,b681124963a6e8666d5ddbb0ed171806ee105bc4c2e2c070ed8134d1022f1011
representative/v3/capsules.png,200,image/png,1473109,1728,1344,PNG,67c3c2129961569979c6831d66dac64d7170a1f2dde5dd9aabb66c78a0c86dfd
representative/v3/cultivation-hardware.png,200,image/png,1714557,1728,1344,PNG,b2c6b08542e1ebee5d44105a758b09e47b074a289474f581ce05c76282d5108d
representative/v3/edible-packaging.png,200,image/png,1538043,1728,1344,PNG,ac6dbf1c3c490952e3c478ebbc0ade14b4bea4e892c3ce1ad9eaaad2484d52e0
representative/v3/extract-isolate.png,200,image/png,1782343,1728,1344,PNG,feadc2c50cbbfa6a0afa1f45b79370e5b50990429e82c84c0aaf99b467761b26
representative/v3/glass-jars.png,200,image/png,1980968,1728,1344,PNG,5f5b2b4dfd14b4dd36e970e93992bbc5324019ae7b0b2b2e515a61d8a1aa6a47
representative/v3/grow-media-propagation.png,200,image/png,2592253,1728,1344,PNG,6ee4dfa0b041452eee6843748d4312832a7228e6e3026f3e8b2d2a865e81a7cd
representative/v3/humidity-curing.png,200,image/png,1674126,1728,1344,PNG,48e2d149e2c7bdd6eafae47344aa18c1405825e307a25b8749635948a0b52984
representative/v3/lab-consumables.png,200,image/png,1720245,1728,1344,PNG,c50c65e5ae62a6a7f7fb6435abdf3aa1f4eceff0872b895a84c8c39dd7b4b7e0
representative/v3/labels-signage.png,200,image/png,1668620,1728,1344,PNG,92c6c94c4cd81662576e4429f492b1c06ce3edc578d2b31d8e1d8d4c5574a120
representative/v3/medical-vaporiser.png,200,image/png,1675797,1728,1344,PNG,a59d58a247db38062afd49307ccce6a8123cbdd5773dace22b4f4badf4121595
representative/v3/pre-roll-consumables.png,200,image/png,1701361,1728,1344,PNG,963b7f8dfeaf8ee5e8107a9342ff80a9103bb718ae50360fbdc4b396a6bfad3d
representative/v3/precision-scale.png,200,image/png,1684411,1728,1344,PNG,2a8759ae17528ae5fa1f89a01aa1d52859188073d6345b3b76d5c863f90e74b2
representative/v3/processing-facility.png,200,image/png,3028430,1728,1344,PNG,1ed12c544e37c01f8ed5522e128bc89649e940687b8bcf23da3abf0e66c32c27
representative/v3/rooted-cuttings.png,200,image/png,2490437,1728,1344,PNG,9698f9b75bff6cfaf67c55004d05eb618ecb264dc8d809b7e7a9ad9a5e64f846
representative/v3/seeds.png,200,image/png,1950254,1728,1344,PNG,c9c0b57b5408cd05a37dc8fea20080640abe6669f99503e2b90ab805ceb77b37
representative/v3/shipping-supplies.png,200,image/png,2391602,1728,1344,PNG,f17da78a67c0c38ac298213f1022ed64d5275a7052f328fdd766d44083b1f6a6
representative/v3/tincture-packaging.png,200,image/png,1956178,1728,1344,PNG,4343565065c8ef7d6c0d6a2ad45489af0e704957131fa89c2953f4661c4fb79a
representative/v3/topical-packaging.png,200,image/png,1708997,1728,1344,PNG,6f5f4770d479917a48b84e29c51efbecde766c1c884f21722a87a3b6684f5dae
representative/v3/vape-hardware.png,200,image/png,1865715,1728,1344,PNG,ddb17e228b88b451c626dc21a694398e58831b4e51b4dc4979121fc0d19e718f
representative/v4/capping-machine.png,200,image/png,2041345,1728,1344,PNG,36e181aaeac3b55895662462c512169aed79d42eec77057c5f32828352b206c3
representative/v4/case-erector-sealer.png,200,image/png,1964827,1728,1344,PNG,5a7bd145fef604db019fc06df3098a12b83ec746e2db6f5df4352fa0ea617c2b
representative/v4/cloning-gel.png,200,image/png,1367883,1728,1344,PNG,003d1ffc1e3b87b318c9905be020d907e35e8ee438692cd6424601eed2307b7f
representative/v4/cultivation-facility.png,200,image/png,3573115,1728,1344,PNG,4732dc8c4d550e486dbd03eacd7f367ef52849c5e9ecc6caa6d9354874a51ac2
representative/v4/extraction-chiller.png,200,image/png,2044286,1728,1344,PNG,98fbf0437113b137c7f6c6f930b9e66b90a414447a578d3e414ae2c91b748ff0
representative/v4/extraction-consumables.png,200,image/png,1937327,1728,1344,PNG,f54f1bb29c0740ecc53eca38aa0fc12069f693eff8774c5ca9f7079e7e50b6e8
representative/v4/flower-extract-import.png,200,image/png,1703883,1728,1344,PNG,671c503a8117072e1cc1887184bcdcf3662a885f7daff1b2ef5ba7adcf423c2e
representative/v4/impulse-sealer.png,200,image/png,1621448,1728,1344,PNG,b1184499b3aaaadaa710afed43682ac6a1f3601264b1036b70e36334787dffab
representative/v4/induction-sealer.png,200,image/png,1598200,1728,1344,PNG,ba9f1000b8599762b1bc1d6f6cd9732c0dfee0f46d3c5c629dec55d2bfde79d2
representative/v4/label-applicator.png,200,image/png,1793752,1728,1344,PNG,9d769d254aea0d6182c6f84db1fab64e0045553b2c9f205a209b300a3b43c579
representative/v4/mixed-packaging-suite.png,200,image/png,1566808,1728,1344,PNG,ed6b10a6180e3e6d3c0fee044f1a235673e520c65026f6a2f549e9ab72ee864a
representative/v4/parchment-squares.png,200,image/png,1829327,1728,1344,PNG,5b345e8b8371ffe805cc82e9a81caf1321d1466c37c967474f2e3d57c8c100b3
representative/v4/pharmaceutical-packaging.png,200,image/png,1837525,1728,1344,PNG,3137bb82bd0dc362dc9f63ec245816aa7ec37d7fdfe0bf9aaaea0c7a55c692bf
representative/v4/plastic-jars.png,200,image/png,1715464,1728,1344,PNG,8852e76062c3d32cc03d0e3bced0cca1e4754ee0a49807494049750718a078e6
representative/v4/pre-roll-machine.png,200,image/png,1904570,1728,1344,PNG,d2a94ac09828743123ba0921268af14f6138fdb28eadbac3afa6888d8e1b0e25
representative/v4/pre-roll-packaging.png,200,image/png,1559570,1728,1344,PNG,81cbb20d68c241400d0eec0d5f5e4683af147c8ca884f6d6659bbb8b634192ba
representative/v4/silicone-containers.png,200,image/png,1673899,1728,1344,PNG,2c0393372018ec8a79147b7b5223d80b5768aaada02c024ba5395e338cf8aa09
representative/v4/tincture-filling-machine.png,200,image/png,1975558,1728,1344,PNG,5671f81adad11f05fece0ec1dd4c56611e75d53ab11683eff0a48d19eb757572
representative/v4/trellis-netting.png,200,image/png,2004185,1728,1344,PNG,ac9fe93d9cc45c178493363f79114734337c8fffc5e4ddfafbc92d8aad3d54d3
representative/v4/vape-filling-machine.png,200,image/png,1804243,1728,1344,PNG,ca7e33809c7abbb75d2145a09dfb147bb82306a6a8ef3d1e9e1d9717da1d1363
representative/v4/vape-packaging.png,200,image/png,1746684,1728,1344,PNG,31eb010e760714d7926a90831ff6ed19a0a2342cc8f2ad8b137cab004caafde6
representative/v5/co2-extraction-system.png,200,image/png,2270721,1728,1344,PNG,115f53af912439ed13434139ba33b1193d5ba868ecf86b433e8a740b458adb6b
representative/v5/confidential-inventory.png,200,image/png,1701110,1728,1344,PNG,1e62a65ca3fa06b47e7d5c5815a04d55b0d2a33da974ceee66babb05d7520559
representative/v5/retail-facility.png,200,image/png,2317081,1728,1344,PNG,77836ae998150acff3ecb7e5e82803a5938d7cfd22d29e5399fbae00eb750c58
representative/v6/biomass.png,200,image/png,2025433,1728,1344,PNG,f4d06c223796d2d24ef7c577f2c24f513cde81cbe9f76d30af98a40a3655b31a
representative/v6/co2-5l-extractor.png,200,image/png,2423399,1728,1344,PNG,24ad9eaed5e11e4807344fbb38022d860391109d0e4849fed91190c53cfbf5df
representative/v6/distillation-purification-train.png,200,image/png,2507325,1728,1344,PNG,8ec0a1f525e2c3c19e5293939b910ffdffc5a18a4ca95f4131884c36b7c5c261
representative/v6/dried-flower.png,200,image/png,1954416,1728,1344,PNG,45d3c212a6311e8e11f9d5adba99cf88d7f3e2f290aed23e31f72c390ee149e6
representative/v6/ethanol-extraction-system.png,200,image/png,2884595,1728,1344,PNG,54de8236bcdf78e516326dc91be122b6b8ab0c177317d39d9c853c275776ee86
representative/v6/lab-testing-instrumentation.png,200,image/png,2535237,1728,1344,PNG,89db2b7838754a8017c902601bb3c10b249cfa13672ab4f6f69dab767c76028a
representative/v6/moisture-analyzer.png,200,image/png,1978270,1728,1344,PNG,8a6286d8801b41fce8f279f44b64f0f4f4fe79d9df1b5d5f8f5fcade242d7488
representative/v6/short-path-distillation.png,200,image/png,1919943,1728,1344,PNG,411d0643a8bf1518cf183149ff48c14a3de2eb08f0885bba53b233d1df0414fe
