listing_id,title,before_asset,current_asset,final_asset,required_visual_subject,observed_visual_subject,trust_class,precedence_result,pass_fail,rationale
625011fd-c012-4ec9-978d-c0b4e6f142b3,"510 Thread Battery — Variable Voltage, USB-C",representative/v3/vape-hardware.png,representative/v3/vape-hardware.png,representative/v3/vape-hardware.png,510 battery/cartridge hardware,510 battery and ceramic/glass cartridge hardware components,HARBOURVIEW_ILLUSTRATIVE,No approved higher-trust production media exists; illustrative row remains eligible fallback only.,PASS,Pixel-inspected representative subject is materially aligned with the advertised listing class; public trust/disclosure metadata is valid.
3a22e325-0da3-4c35-a7c9-9f140d30b948,"All-Ceramic 510 Vape Cartridges — GMP Certified, White Label",representative/v3/vape-hardware.png,representative/v3/vape-hardware.png,representative/v3/vape-hardware.png,510 battery/cartridge hardware,510 battery and ceramic/glass cartridge hardware components,HARBOURVIEW_ILLUSTRATIVE,No approved higher-trust production media exists; illustrative row remains eligible fallback only.,PASS,Pixel-inspected representative subject is materially aligned with the advertised listing class; public trust/disclosure metadata is valid.
8c2e8173-6701-43ba-8adc-67140e4142c5,Asia Pacific Import Demand — Pharmaceutical-Grade API,representative/v3/extract-isolate.png,representative/v3/extract-isolate.png,representative/v3/extract-isolate.png,extract/isolate/distillate product class,"neutral containers holding representative extract, distillate and isolate product forms",HARBOURVIEW_ILLUSTRATIVE,No approved higher-trust production media exists; illustrative row remains eligible fallback only.,PASS,Pixel-inspected representative subject is materially aligned with the advertised listing class; public trust/disclosure metadata is valid.
579f8026-963a-4a5d-9535-ccea9462dbdb,"Batch/Lot Traceability Barcode Labels (Blank, Roll of 1000)",representative/v3/labels-signage.png,representative/v3/labels-signage.png,representative/v3/labels-signage.png,labels/signage and traceability materials,"blank labels, rolls, cards and compliance-signage materials",HARBOURVIEW_ILLUSTRATIVE,No approved higher-trust production media exists; illustrative row remains eligible fallback only.,PASS,Pixel-inspected representative subject is materially aligned with the advertised listing class; public trust/disclosure metadata is valid.
0f30cf53-5aa5-475c-a1a0-3aec1dfab95a,Bench-Top Impulse Heat Sealer (Mylar Pouches),representative/v4/impulse-sealer.png,representative/v4/impulse-sealer.png,representative/v4/impulse-sealer.png,bench-top impulse pouch sealer,bench-top impulse heat sealer for flexible pouches,HARBOURVIEW_ILLUSTRATIVE,No approved higher-trust production media exists; illustrative row remains eligible fallback only.,PASS,Pixel-inspected representative subject is materially aligned with the advertised listing class; public trust/disclosure metadata is valid.
11aafa0c-510d-4a9f-bfc7-01e4dd403d1a,"Bench-Top Moisture Analyzer (Halogen, Compliance-Grade)",representative/v2/lab-qa.png,representative/v6/moisture-analyzer.png,representative/v6/moisture-analyzer.png,bench-top halogen moisture analyzer,bench-top halogen moisture analyzer with hinged heating lid and sample pan,HARBOURVIEW_ILLUSTRATIVE,No approved higher-trust production media exists; illustrative row remains eligible fallback only.,PASS,Pixel-inspected representative subject is materially aligned with the advertised listing class; public trust/disclosure metadata is valid.
455d32a8-661d-4b30-8768-ce4f308dda34,"Borosilicate Glass Dispensary Jars — CR Lid, UV-Protective, Bulk",representative/v3/glass-jars.png,representative/v3/glass-jars.png,representative/v3/glass-jars.png,"materially representative visual of the listing product, equipment, facility or service class",assortment of small glass concentrate and dispensary jars with child-resistant lids,HARBOURVIEW_ILLUSTRATIVE,No approved higher-trust production media exists; illustrative row remains eligible fallback only.,PASS,Pixel-inspected representative subject is materially aligned with the advertised listing class; public trust/disclosure metadata is valid.
c6c24e46-8c82-46fc-8a25-e64435fafe0d,Bulk Child-Resistant Packaging Opportunity,representative/v4/mixed-packaging-suite.png,representative/v4/mixed-packaging-suite.png,representative/v4/mixed-packaging-suite.png,mixed or pharmaceutical packaging suite,mixed child-resistant primary and secondary packaging suite,HARBOURVIEW_ILLUSTRATIVE,No approved higher-trust production media exists; illustrative row remains eligible fallback only.,PASS,Pixel-inspected representative subject is materially aligned with the advertised listing class; public trust/disclosure metadata is valid.
4b27ef33-7cfe-4ab1-ae14-1a26d0545301,"Bulk Curing Tote / Turkey Bag (Large Format, Food-Grade)",representative/v3/humidity-curing.png,representative/v3/humidity-curing.png,representative/v3/humidity-curing.png,curing/storage/humidity-control supplies,"bulk curing/storage bags, containers and humidity-control/storage accessories",HARBOURVIEW_ILLUSTRATIVE,No approved higher-trust production media exists; illustrative row remains eligible fallback only.,PASS,Pixel-inspected representative subject is materially aligned with the advertised listing class; public trust/disclosure metadata is valid.
e655cd66-8a12-4d80-a612-67649e03bc05,Bulk Packaging Supply — High-Volume Operators,representative/v4/mixed-packaging-suite.png,representative/v4/mixed-packaging-suite.png,representative/v4/mixed-packaging-suite.png,mixed or pharmaceutical packaging suite,mixed child-resistant primary and secondary packaging suite,HARBOURVIEW_ILLUSTRATIVE,No approved higher-trust production media exists; illustrative row remains eligible fallback only.,PASS,Pixel-inspected representative subject is materially aligned with the advertised listing class; public trust/disclosure metadata is valid.
5b3bee90-9d50-4f1d-bc37-ffd197690c19,Cannabis Biomass — Bulk Opportunity,representative/v2/hemp-biomass.png,representative/v6/biomass.png,representative/v6/biomass.png,bulk dried botanical biomass material,"bulk dried chopped botanical biomass in lined tote, stainless sample tray and sealed bulk sack",HARBOURVIEW_ILLUSTRATIVE,No approved higher-trust production media exists; illustrative row remains eligible fallback only.,PASS,Pixel-inspected representative subject is materially aligned with the advertised listing class; public trust/disclosure metadata is valid.
0097cc5c-a36f-4242-a795-8f2f19ca239e,Cannabis M&A and Commercial Due Diligence,representative/v2/advisory-services.png,representative/v2/advisory-services.png,representative/v2/advisory-services.png,professional advisory/compliance work context,"professional advisory workstation with laptop, documents and compliance-review materials",HARBOURVIEW_ILLUSTRATIVE,No approved higher-trust production media exists; illustrative row remains eligible fallback only.,PASS,Pixel-inspected representative subject is materially aligned with the advertised listing class; public trust/disclosure metadata is valid.
ac89316f-a833-406b-9da6-cc23205880b3,Cannabis Nutrient Line — Bloom Base A/B (20L Jug),representative/v2/cultivation-inputs.png,representative/v2/cultivation-inputs.png,representative/v2/cultivation-inputs.png,commercial cultivation nutrient inputs,commercial cultivation inputs including nutrient containers and propagation-support materials,HARBOURVIEW_ILLUSTRATIVE,No approved higher-trust production media exists; illustrative row remains eligible fallback only.,PASS,Pixel-inspected representative subject is materially aligned with the advertised listing class; public trust/disclosure metadata is valid.
10c0d4ab-67f7-4478-816a-8f8469c8a182,Cannabis Nutrient Line — Grow Base A/B (20L Jug),representative/v2/cultivation-inputs.png,representative/v2/cultivation-inputs.png,representative/v2/cultivation-inputs.png,commercial cultivation nutrient inputs,commercial cultivation inputs including nutrient containers and propagation-support materials,HARBOURVIEW_ILLUSTRATIVE,No approved higher-trust production media exists; illustrative row remains eligible fallback only.,PASS,Pixel-inspected representative subject is materially aligned with the advertised listing class; public trust/disclosure metadata is valid.
c74ccc6d-5445-410e-a3b9-166fdc41e242,"Cannabis Oil Capsules — TGA Compliant, Australia",representative/v3/capsules.png,representative/v3/capsules.png,representative/v3/capsules.png,finished pharmaceutical capsule product and neutral packaging,pharmaceutical capsules with neutral bottle and carton packaging,HARBOURVIEW_ILLUSTRATIVE,No approved higher-trust production media exists; illustrative row remains eligible fallback only.,PASS,Pixel-inspected representative subject is materially aligned with the advertised listing class; public trust/disclosure metadata is valid.
6f74372c-af80-44c3-9087-d2b798b68d42,Cannabis Potency & Contaminants Testing — Licensed Lab,representative/v2/lab-qa.png,representative/v6/lab-testing-instrumentation.png,representative/v6/lab-testing-instrumentation.png,analytical laboratory testing/instrumentation,"analytical testing station with HPLC/autosampler, GC-MS-style instrument, vials and blank monitor",HARBOURVIEW_ILLUSTRATIVE,No approved higher-trust production media exists; illustrative row remains eligible fallback only.,PASS,Pixel-inspected representative subject is materially aligned with the advertised listing class; public trust/disclosure metadata is valid.
a883b2cc-1b16-4dda-988a-77073a56b18c,Cannabis Regulatory Affairs — Market Access Advisory,representative/v2/advisory-services.png,representative/v2/advisory-services.png,representative/v2/advisory-services.png,professional advisory/compliance work context,"professional advisory workstation with laptop, documents and compliance-review materials",HARBOURVIEW_ILLUSTRATIVE,No approved higher-trust production media exists; illustrative row remains eligible fallback only.,PASS,Pixel-inspected representative subject is materially aligned with the advertised listing class; public trust/disclosure metadata is valid.
5ba2e44f-e119-4471-91b3-47a061036d42,CBD Isolate 98%+ — UK Wholesale,representative/v3/extract-isolate.png,representative/v3/extract-isolate.png,representative/v3/extract-isolate.png,extract/isolate/distillate product class,"neutral containers holding representative extract, distillate and isolate product forms",HARBOURVIEW_ILLUSTRATIVE,No approved higher-trust production media exists; illustrative row remains eligible fallback only.,PASS,Pixel-inspected representative subject is materially aligned with the advertised listing class; public trust/disclosure metadata is valid.
bf92a3c3-56d5-4c97-b38d-66e0594ed354,Child-Resistant Mylar Pouch — 14g (Matte Black),representative/v2/packaging-pouches.png,representative/v2/packaging-pouches.png,representative/v2/packaging-pouches.png,child-resistant pouch/exit-bag packaging,assortment of blank child-resistant stand-up pouches and exit-bag formats,HARBOURVIEW_ILLUSTRATIVE,No approved higher-trust production media exists; illustrative row remains eligible fallback only.,PASS,Pixel-inspected representative subject is materially aligned with the advertised listing class; public trust/disclosure metadata is valid.
604d5bd1-7910-4ec1-8b05-8f92ebc7ffef,Child-Resistant Mylar Pouch — 28g / 1oz (Matte Black),representative/v2/packaging-pouches.png,representative/v2/packaging-pouches.png,representative/v2/packaging-pouches.png,child-resistant pouch/exit-bag packaging,assortment of blank child-resistant stand-up pouches and exit-bag formats,HARBOURVIEW_ILLUSTRATIVE,No approved higher-trust production media exists; illustrative row remains eligible fallback only.,PASS,Pixel-inspected representative subject is materially aligned with the advertised listing class; public trust/disclosure metadata is valid.
53b81354-d512-4d6b-9e62-f5846a1b6b4e,Child-Resistant Mylar Pouch — 3.5g (Matte Black),representative/v2/packaging-pouches.png,representative/v2/packaging-pouches.png,representative/v2/packaging-pouches.png,child-resistant pouch/exit-bag packaging,assortment of blank child-resistant stand-up pouches and exit-bag formats,HARBOURVIEW_ILLUSTRATIVE,No approved higher-trust production media exists; illustrative row remains eligible fallback only.,PASS,Pixel-inspected representative subject is materially aligned with the advertised listing class; public trust/disclosure metadata is valid.
ff824d6d-fac1-4904-8197-eb8100338dc3,Child-Resistant Mylar Pouch — 7g (Matte Black),representative/v2/packaging-pouches.png,representative/v2/packaging-pouches.png,representative/v2/packaging-pouches.png,child-resistant pouch/exit-bag packaging,assortment of blank child-resistant stand-up pouches and exit-bag formats,HARBOURVIEW_ILLUSTRATIVE,No approved higher-trust production media exists; illustrative row remains eligible fallback only.,PASS,Pixel-inspected representative subject is materially aligned with the advertised listing class; public trust/disclosure metadata is valid.
d622b3d0-92eb-49ae-879d-c8a8aaa27c3e,"Child-Resistant Mylar Pouches — Custom Print, All Sizes (China)",representative/v2/packaging-pouches.png,representative/v2/packaging-pouches.png,representative/v2/packaging-pouches.png,child-resistant pouch/exit-bag packaging,assortment of blank child-resistant stand-up pouches and exit-bag formats,HARBOURVIEW_ILLUSTRATIVE,No approved higher-trust production media exists; illustrative row remains eligible fallback only.,PASS,Pixel-inspected representative subject is materially aligned with the advertised listing class; public trust/disclosure metadata is valid.
8ee6b72a-0da9-495f-a242-eaa85b9b3f00,"Child-Resistant Packaging — EU Specification, Stock Lot",representative/v4/mixed-packaging-suite.png,representative/v4/mixed-packaging-suite.png,representative/v4/mixed-packaging-suite.png,"materially representative visual of the listing product, equipment, facility or service class",mixed child-resistant primary and secondary packaging suite,HARBOURVIEW_ILLUSTRATIVE,No approved higher-trust production media exists; illustrative row remains eligible fallback only.,PASS,Pixel-inspected representative subject is materially aligned with the advertised listing class; public trust/disclosure metadata is valid.
6c0b4dbf-54db-4e2c-bfcb-2adf19544385,"Child-Resistant Pouches — Custom Print, MOQ 50k Units",representative/v2/packaging-pouches.png,representative/v2/packaging-pouches.png,representative/v2/packaging-pouches.png,child-resistant pouch/exit-bag packaging,assortment of blank child-resistant stand-up pouches and exit-bag formats,HARBOURVIEW_ILLUSTRATIVE,No approved higher-trust production media exists; illustrative row remains eligible fallback only.,PASS,Pixel-inspected representative subject is materially aligned with the advertised listing class; public trust/disclosure metadata is valid.
e2628d53-e0aa-4b27-ad1f-d5af2ed4b30a,Child-Resistant Stand-Up Pouches & Exit Bags (China),representative/v2/packaging-pouches.png,representative/v2/packaging-pouches.png,representative/v2/packaging-pouches.png,child-resistant pouch/exit-bag packaging,assortment of blank child-resistant stand-up pouches and exit-bag formats,HARBOURVIEW_ILLUSTRATIVE,No approved higher-trust production media exists; illustrative row remains eligible fallback only.,PASS,Pixel-inspected representative subject is materially aligned with the advertised listing class; public trust/disclosure metadata is valid.
11eecb63-7e8d-4906-bf71-6f542c95c2dd,Cloning Gel (1L Bottle),representative/v4/cloning-gel.png,representative/v4/cloning-gel.png,representative/v4/cloning-gel.png,cloning/propagation gel,neutral cloning/propagation gel bottle and propagation accessories,HARBOURVIEW_ILLUSTRATIVE,No approved higher-trust production media exists; illustrative row remains eligible fallback only.,PASS,Pixel-inspected representative subject is materially aligned with the advertised listing class; public trust/disclosure metadata is valid.
7cbd53a8-75cf-43af-8dc3-03f2f03fd67a,CO₂ Extraction Equipment — Canada,representative/v5/co2-extraction-system.png,representative/v5/co2-extraction-system.png,representative/v5/co2-extraction-system.png,commercial supercritical CO2 extraction equipment,"commercial supercritical CO2 extraction skid with stainless pressure vessels, gauges, piping and controls",HARBOURVIEW_ILLUSTRATIVE,No approved higher-trust production media exists; illustrative row remains eligible fallback only.,PASS,Pixel-inspected representative subject is materially aligned with the advertised listing class; public trust/disclosure metadata is valid.
7931471f-3037-42f2-987c-6a60c722ceff,CO₂ Extraction Line — Apeks 5L SCFX,representative/v5/co2-extraction-system.png,representative/v6/co2-5l-extractor.png,representative/v6/co2-5l-extractor.png,compact pilot-scale supercritical CO2 extraction equipment,"compact pilot-scale supercritical CO2 extraction skid with pressure vessels, gauges and control cabinet",HARBOURVIEW_ILLUSTRATIVE,No approved higher-trust production media exists; illustrative row remains eligible fallback only.,PASS,Pixel-inspected representative subject is materially aligned with the advertised listing class; public trust/disclosure metadata is valid.
243f3174-2fd9-4618-9487-bbf3d95164ce,"Coco Coir Grow Media (Compressed Bale, 50L Expanded)",representative/v3/grow-media-propagation.png,representative/v3/grow-media-propagation.png,representative/v3/grow-media-propagation.png,cultivation substrate/grow media,"compressed grow medium, propagation cubes and tray-based substrate supplies",HARBOURVIEW_ILLUSTRATIVE,No approved higher-trust production media exists; illustrative row remains eligible fallback only.,PASS,Pixel-inspected representative subject is materially aligned with the advertised listing class; public trust/disclosure metadata is valid.
2c01b346-f89a-41d3-b20c-f4c292e1e635,Commercial Automated Pre-Roll Machine,representative/v4/pre-roll-machine.png,representative/v4/pre-roll-machine.png,representative/v4/pre-roll-machine.png,automated pre-roll production machine,automated pre-roll production/filling machinery,HARBOURVIEW_ILLUSTRATIVE,No approved higher-trust production media exists; illustrative row remains eligible fallback only.,PASS,Pixel-inspected representative subject is materially aligned with the advertised listing class; public trust/disclosure metadata is valid.
0122f5e3-40ec-4305-977a-737c1fc04688,Commercial Greenhouse Environmental Control System,representative/v3/cultivation-hardware.png,representative/v3/cultivation-hardware.png,representative/v3/cultivation-hardware.png,cultivation irrigation/environmental-control hardware,"commercial irrigation/environmental-control hardware with tubing, controller and propagation dome",HARBOURVIEW_ILLUSTRATIVE,No approved higher-trust production media exists; illustrative row remains eligible fallback only.,PASS,Pixel-inspected representative subject is materially aligned with the advertised listing class; public trust/disclosure metadata is valid.
551f25b3-a851-4460-943c-3eacd07667f6,Commercial LED Grow Light Bar — 640W Full-Spectrum,representative/v2/grow-lighting.png,representative/v2/grow-lighting.png,representative/v2/grow-lighting.png,commercial horticultural LED lighting,"commercial horticultural LED lighting bars, suspension and power components",HARBOURVIEW_ILLUSTRATIVE,No approved higher-trust production media exists; illustrative row remains eligible fallback only.,PASS,Pixel-inspected representative subject is materially aligned with the advertised listing class; public trust/disclosure metadata is valid.
40be3939-83ff-4684-808c-4855bda6b7d2,"Commercial LED Grow System — 200 Lights, Decommissioned",representative/v2/grow-lighting.png,representative/v2/grow-lighting.png,representative/v2/grow-lighting.png,commercial horticultural LED lighting,"commercial horticultural LED lighting bars, suspension and power components",HARBOURVIEW_ILLUSTRATIVE,No approved higher-trust production media exists; illustrative row remains eligible fallback only.,PASS,Pixel-inspected representative subject is materially aligned with the advertised listing class; public trust/disclosure metadata is valid.
87695f8a-3af6-4ceb-aa77-850b465cccbb,Compact Automated Pre-Roll Machine,representative/v4/pre-roll-machine.png,representative/v4/pre-roll-machine.png,representative/v4/pre-roll-machine.png,automated pre-roll production machine,automated pre-roll production/filling machinery,HARBOURVIEW_ILLUSTRATIVE,No approved higher-trust production media exists; illustrative row remains eligible fallback only.,PASS,Pixel-inspected representative subject is materially aligned with the advertised listing class; public trust/disclosure metadata is valid.
13f2bbf4-bd74-4dae-964b-2c0c34ab8d38,Compliant Pre-Roll Packaging — Licensed Market Formats,representative/v4/pre-roll-packaging.png,representative/v4/pre-roll-packaging.png,representative/v4/pre-roll-packaging.png,pre-roll child-resistant packaging,"pre-roll tubes, slider box and related child-resistant packaging",HARBOURVIEW_ILLUSTRATIVE,No approved higher-trust production media exists; illustrative row remains eligible fallback only.,PASS,Pixel-inspected representative subject is materially aligned with the advertised listing class; public trust/disclosure metadata is valid.
83020632-436e-4a7e-ae70-079e30b0582b,"Concentrate Glass Jars — Silicone Lid, 5ml–50ml (China)",representative/v3/glass-jars.png,representative/v3/glass-jars.png,representative/v3/glass-jars.png,glass jar packaging,assortment of small glass concentrate and dispensary jars with child-resistant lids,HARBOURVIEW_ILLUSTRATIVE,No approved higher-trust production media exists; illustrative row remains eligible fallback only.,PASS,Pixel-inspected representative subject is materially aligned with the advertised listing class; public trust/disclosure metadata is valid.
026fc061-2e40-4304-a36a-936ba23d6397,"CR Dispensary Exit Bag (Opaque, Blank)",representative/v2/packaging-pouches.png,representative/v2/packaging-pouches.png,representative/v2/packaging-pouches.png,child-resistant pouch/exit-bag packaging,assortment of blank child-resistant stand-up pouches and exit-bag formats,HARBOURVIEW_ILLUSTRATIVE,No approved higher-trust production media exists; illustrative row remains eligible fallback only.,PASS,Pixel-inspected representative subject is materially aligned with the advertised listing class; public trust/disclosure metadata is valid.
130ad019-a165-4a19-9f46-77d41332d57e,CR Edible Multi-Cavity Blister Card (10 x 1mg),representative/v3/edible-packaging.png,representative/v3/edible-packaging.png,representative/v3/edible-packaging.png,edible-dose child-resistant packaging,"blank edible-dose packaging including blister, pouch and carton formats",HARBOURVIEW_ILLUSTRATIVE,No approved higher-trust production media exists; illustrative row remains eligible fallback only.,PASS,Pixel-inspected representative subject is materially aligned with the advertised listing class; public trust/disclosure metadata is valid.
915fdbb4-6df4-4a1e-ba61-1898c63bc1a1,CR Edible Single-Serving Stand-Up Pouch (10mg),representative/v3/edible-packaging.png,representative/v3/edible-packaging.png,representative/v3/edible-packaging.png,edible-dose child-resistant packaging,"blank edible-dose packaging including blister, pouch and carton formats",HARBOURVIEW_ILLUSTRATIVE,No approved higher-trust production media exists; illustrative row remains eligible fallback only.,PASS,Pixel-inspected representative subject is materially aligned with the advertised listing class; public trust/disclosure metadata is valid.
cb1c12f4-6901-4dc9-8169-d214b39dc35b,CR Glass Concentrate Jar — 5mL,representative/v3/glass-jars.png,representative/v3/glass-jars.png,representative/v3/glass-jars.png,"materially representative visual of the listing product, equipment, facility or service class",assortment of small glass concentrate and dispensary jars with child-resistant lids,HARBOURVIEW_ILLUSTRATIVE,No approved higher-trust production media exists; illustrative row remains eligible fallback only.,PASS,Pixel-inspected representative subject is materially aligned with the advertised listing class; public trust/disclosure metadata is valid.
be428be2-212e-46b4-8a92-5d846639dccc,"CR Glass Jar — 30mL (3.5g, Matte Black)",representative/v3/glass-jars.png,representative/v3/glass-jars.png,representative/v3/glass-jars.png,glass jar packaging,assortment of small glass concentrate and dispensary jars with child-resistant lids,HARBOURVIEW_ILLUSTRATIVE,No approved higher-trust production media exists; illustrative row remains eligible fallback only.,PASS,Pixel-inspected representative subject is materially aligned with the advertised listing class; public trust/disclosure metadata is valid.
9cd102a2-1f5a-4fed-8b88-279fe22f5769,"CR Glass Jar — 60mL (7g, Matte Black)",representative/v3/glass-jars.png,representative/v3/glass-jars.png,representative/v3/glass-jars.png,glass jar packaging,assortment of small glass concentrate and dispensary jars with child-resistant lids,HARBOURVIEW_ILLUSTRATIVE,No approved higher-trust production media exists; illustrative row remains eligible fallback only.,PASS,Pixel-inspected representative subject is materially aligned with the advertised listing class; public trust/disclosure metadata is valid.
256ca3c4-36c0-4ffb-b27d-1ee79b0af506,CR Outer Carton for Edible Pouch (Health Warning Panel),representative/v3/edible-packaging.png,representative/v3/edible-packaging.png,representative/v3/edible-packaging.png,edible-dose child-resistant packaging,"blank edible-dose packaging including blister, pouch and carton formats",HARBOURVIEW_ILLUSTRATIVE,No approved higher-trust production media exists; illustrative row remains eligible fallback only.,PASS,Pixel-inspected representative subject is materially aligned with the advertised listing class; public trust/disclosure metadata is valid.
60bb17d2-5a27-4aab-aa3e-4e12059e69e0,CR Pop-Top Plastic Jar — 13 Dram,representative/v4/plastic-jars.png,representative/v4/plastic-jars.png,representative/v4/plastic-jars.png,plastic child-resistant jar,assortment of blank child-resistant plastic jar formats,HARBOURVIEW_ILLUSTRATIVE,No approved higher-trust production media exists; illustrative row remains eligible fallback only.,PASS,Pixel-inspected representative subject is materially aligned with the advertised listing class; public trust/disclosure metadata is valid.
7b924897-8f64-4164-aca3-6dccdf1d526c,CR Silicone Concentrate Container — 5mL (Opaque),representative/v4/silicone-containers.png,representative/v4/silicone-containers.png,representative/v4/silicone-containers.png,silicone concentrate container,small opaque silicone concentrate containers with lids,HARBOURVIEW_ILLUSTRATIVE,No approved higher-trust production media exists; illustrative row remains eligible fallback only.,PASS,Pixel-inspected representative subject is materially aligned with the advertised listing class; public trust/disclosure metadata is valid.
ea6d3478-e832-4279-b286-a1c725cff264,CR Tincture Bottle — 10mL Amber Glass w/ Dropper,representative/v3/tincture-packaging.png,representative/v3/tincture-packaging.png,representative/v3/tincture-packaging.png,tincture bottle/dropper packaging,"amber tincture bottles, droppers and related neutral primary packaging",HARBOURVIEW_ILLUSTRATIVE,No approved higher-trust production media exists; illustrative row remains eligible fallback only.,PASS,Pixel-inspected representative subject is materially aligned with the advertised listing class; public trust/disclosure metadata is valid.
2d47c860-985a-45b5-9246-91187445a229,CR Tincture Bottle — 30mL Amber Glass w/ Dropper,representative/v3/tincture-packaging.png,representative/v3/tincture-packaging.png,representative/v3/tincture-packaging.png,tincture bottle/dropper packaging,"amber tincture bottles, droppers and related neutral primary packaging",HARBOURVIEW_ILLUSTRATIVE,No approved higher-trust production media exists; illustrative row remains eligible fallback only.,PASS,Pixel-inspected representative subject is materially aligned with the advertised listing class; public trust/disclosure metadata is valid.
69687531-3460-4a69-8c14-e1c0d134b610,"CR Topical Jar — 50g (Opaque, CR Lid)",representative/v3/topical-packaging.png,representative/v3/topical-packaging.png,representative/v3/topical-packaging.png,topical-product packaging,"topical jar, pump bottle and stick/tube packaging formats",HARBOURVIEW_ILLUSTRATIVE,No approved higher-trust production media exists; illustrative row remains eligible fallback only.,PASS,Pixel-inspected representative subject is materially aligned with the advertised listing class; public trust/disclosure metadata is valid.
68ca9993-4ce9-43e8-890e-a8376f4a8803,CR Topical Pump Bottle — 100mL,representative/v3/topical-packaging.png,representative/v3/topical-packaging.png,representative/v3/topical-packaging.png,topical-product packaging,"topical jar, pump bottle and stick/tube packaging formats",HARBOURVIEW_ILLUSTRATIVE,No approved higher-trust production media exists; illustrative row remains eligible fallback only.,PASS,Pixel-inspected representative subject is materially aligned with the advertised listing class; public trust/disclosure metadata is valid.
6e23638a-0567-4e5d-9c9f-f87e99830cc6,CR Topical Stick / Tube (Deodorant-Style),representative/v3/topical-packaging.png,representative/v3/topical-packaging.png,representative/v3/topical-packaging.png,topical-product packaging,"topical jar, pump bottle and stick/tube packaging formats",HARBOURVIEW_ILLUSTRATIVE,No approved higher-trust production media exists; illustrative row remains eligible fallback only.,PASS,Pixel-inspected representative subject is materially aligned with the advertised listing class; public trust/disclosure metadata is valid.
f7af8d55-aa85-4566-8a56-b479740be2df,CR Vape Cartridge Box — 510 Push-Turn (Single),representative/v4/vape-packaging.png,representative/v4/vape-packaging.png,representative/v4/vape-packaging.png,vape-cartridge packaging,blank vape-cartridge box and tube packaging formats,HARBOURVIEW_ILLUSTRATIVE,No approved higher-trust production media exists; illustrative row remains eligible fallback only.,PASS,Pixel-inspected representative subject is materially aligned with the advertised listing class; public trust/disclosure metadata is valid.
b2a118d6-7e93-4310-9d70-7781aa90329a,CR Vape Cartridge Tube — 95mm Press-Button (Recyclable Cardboard),representative/v4/vape-packaging.png,representative/v4/vape-packaging.png,representative/v4/vape-packaging.png,vape-cartridge packaging,blank vape-cartridge box and tube packaging formats,HARBOURVIEW_ILLUSTRATIVE,No approved higher-trust production media exists; illustrative row remains eligible fallback only.,PASS,Pixel-inspected representative subject is materially aligned with the advertised listing class; public trust/disclosure metadata is valid.
dea59cb0-4fcc-4e63-a76d-e30d33328c15,Cross-Border Cannabis Logistics — Controlled Substance Routing,representative/v2/warehouse-logistics.png,representative/v2/warehouse-logistics.png,representative/v2/warehouse-logistics.png,warehouse/logistics and controlled distribution context,"warehouse and temperature-controlled logistics containers, tote and pallet-handling supplies",HARBOURVIEW_ILLUSTRATIVE,No approved higher-trust production media exists; illustrative row remains eligible fallback only.,PASS,Pixel-inspected representative subject is materially aligned with the advertised listing class; public trust/disclosure metadata is valid.
5d1acb78-85bb-4f84-8f0e-85c2245acba2,Cultivation Facility Equipment Package,representative/v4/cultivation-facility.png,representative/v4/cultivation-facility.png,representative/v4/cultivation-facility.png,commercial cultivation facility/fit-out,commercial indoor cultivation room/facility fit-out with benches and cultivation infrastructure,HARBOURVIEW_ILLUSTRATIVE,No approved higher-trust production media exists; illustrative row remains eligible fallback only.,PASS,Pixel-inspected representative subject is materially aligned with the advertised listing class; public trust/disclosure metadata is valid.
0ea40b97-526b-4932-8a15-373e6f3015ae,Digital Compliance Scale (0.01g Precision),representative/v3/precision-scale.png,representative/v3/precision-scale.png,representative/v3/precision-scale.png,precision digital scale,bench-top digital precision compliance scale,HARBOURVIEW_ILLUSTRATIVE,No approved higher-trust production media exists; illustrative row remains eligible fallback only.,PASS,Pixel-inspected representative subject is materially aligned with the advertised listing class; public trust/disclosure metadata is valid.
dc58f415-e482-4177-82b1-1f07a5d32aa9,Distillation & Purification Train — Short-Path & Wiped-Film,representative/v5/co2-extraction-system.png,representative/v6/distillation-purification-train.png,representative/v6/distillation-purification-train.png,combined short-path and wiped-film distillation/purification equipment,integrated short-path and wiped-film vacuum distillation/purification process train,HARBOURVIEW_ILLUSTRATIVE,No approved higher-trust production media exists; illustrative row remains eligible fallback only.,PASS,Pixel-inspected representative subject is materially aligned with the advertised listing class; public trust/disclosure metadata is valid.
fdbf51f2-8fb8-4cb6-b70e-5418fc0d5e86,Distressed Cannabis Inventory — Confidential Review,representative/v5/confidential-inventory.png,representative/v5/confidential-inventory.png,representative/v5/confidential-inventory.png,neutral confidential wholesale inventory,neutral assortment of sealed wholesale inventory packaging without product-specific claims,HARBOURVIEW_ILLUSTRATIVE,No approved higher-trust production media exists; illustrative row remains eligible fallback only.,PASS,Pixel-inspected representative subject is materially aligned with the advertised listing class; public trust/disclosure metadata is valid.
dbb71a09-b936-4a2d-937e-94e001879100,Domestic Cannabis Distribution — Licensed Carrier Network,representative/v2/warehouse-logistics.png,representative/v2/warehouse-logistics.png,representative/v2/warehouse-logistics.png,warehouse/logistics and controlled distribution context,"warehouse and temperature-controlled logistics containers, tote and pallet-handling supplies",HARBOURVIEW_ILLUSTRATIVE,No approved higher-trust production media exists; illustrative row remains eligible fallback only.,PASS,Pixel-inspected representative subject is materially aligned with the advertised listing class; public trust/disclosure metadata is valid.
875645a0-61bd-4698-9db8-457a2e6d66a7,"Dried Biomass — Trim Lot, Wholesale",representative/v2/hemp-biomass.png,representative/v6/biomass.png,representative/v6/biomass.png,bulk dried botanical biomass material,"bulk dried chopped botanical biomass in lined tote, stainless sample tray and sealed bulk sack",HARBOURVIEW_ILLUSTRATIVE,No approved higher-trust production media exists; illustrative row remains eligible fallback only.,PASS,Pixel-inspected representative subject is materially aligned with the advertised listing class; public trust/disclosure metadata is valid.
0a6ed9d8-0e57-44b9-ac69-802355bf5fef,"Drip Irrigation Kit (Expandable, Per Zone)",representative/v3/cultivation-hardware.png,representative/v3/cultivation-hardware.png,representative/v3/cultivation-hardware.png,cultivation irrigation/environmental-control hardware,"commercial irrigation/environmental-control hardware with tubing, controller and propagation dome",HARBOURVIEW_ILLUSTRATIVE,No approved higher-trust production media exists; illustrative row remains eligible fallback only.,PASS,Pixel-inspected representative subject is materially aligned with the advertised listing class; public trust/disclosure metadata is valid.
a68f851b-9bc8-4393-a8bc-2680c119af4c,Empty 510 Vape Cartridge — 0.5mL Ceramic/Glass,representative/v3/vape-hardware.png,representative/v3/vape-hardware.png,representative/v3/vape-hardware.png,510 battery/cartridge hardware,510 battery and ceramic/glass cartridge hardware components,HARBOURVIEW_ILLUSTRATIVE,No approved higher-trust production media exists; illustrative row remains eligible fallback only.,PASS,Pixel-inspected representative subject is materially aligned with the advertised listing class; public trust/disclosure metadata is valid.
3ab84ccd-4351-4631-bc9d-6c04deda6f94,Empty 510 Vape Cartridge — 1.0mL Ceramic/Glass,representative/v3/vape-hardware.png,representative/v3/vape-hardware.png,representative/v3/vape-hardware.png,510 battery/cartridge hardware,510 battery and ceramic/glass cartridge hardware components,HARBOURVIEW_ILLUSTRATIVE,No approved higher-trust production media exists; illustrative row remains eligible fallback only.,PASS,Pixel-inspected representative subject is materially aligned with the advertised listing class; public trust/disclosure metadata is valid.
11a07916-3306-454d-b143-bee208399d6a,Ethanol Extraction System — Commercial Scale,representative/v5/co2-extraction-system.png,representative/v6/ethanol-extraction-system.png,representative/v6/ethanol-extraction-system.png,commercial ethanol extraction equipment,"commercial ethanol botanical extraction skid with jacketed vessels, solvent-recovery and circulation equipment",HARBOURVIEW_ILLUSTRATIVE,No approved higher-trust production media exists; illustrative row remains eligible fallback only.,PASS,Pixel-inspected representative subject is materially aligned with the advertised listing class; public trust/disclosure metadata is valid.
2e03809a-553c-4311-abf0-87cde0d32f35,EU Cannabis Testing — GMP-Aligned CoA & Stability,representative/v2/lab-qa.png,representative/v6/lab-testing-instrumentation.png,representative/v6/lab-testing-instrumentation.png,analytical laboratory testing/instrumentation,"analytical testing station with HPLC/autosampler, GC-MS-style instrument, vials and blank monitor",HARBOURVIEW_ILLUSTRATIVE,No approved higher-trust production media exists; illustrative row remains eligible fallback only.,PASS,Pixel-inspected representative subject is materially aligned with the advertised listing class; public trust/disclosure metadata is valid.
15970878-6c39-4759-9d15-49eed526957c,EU Medical Market Import Mandate — Flower & Extract,representative/v4/flower-extract-import.png,representative/v4/flower-extract-import.png,representative/v4/flower-extract-import.png,extract/isolate/distillate product class,representative regulated product supply pairing packaged flower format and extract/oil container,HARBOURVIEW_ILLUSTRATIVE,No approved higher-trust production media exists; illustrative row remains eligible fallback only.,PASS,Pixel-inspected representative subject is materially aligned with the advertised listing class; public trust/disclosure metadata is valid.
963a320f-9451-40c6-96c3-22d9f249dbd9,EU Pharmaceutical Packaging — Primary & Secondary Cannabis Formats,representative/v4/pharmaceutical-packaging.png,representative/v4/pharmaceutical-packaging.png,representative/v4/pharmaceutical-packaging.png,mixed or pharmaceutical packaging suite,"neutral pharmaceutical primary and secondary packaging including bottles, blister and cartons",HARBOURVIEW_ILLUSTRATIVE,No approved higher-trust production media exists; illustrative row remains eligible fallback only.,PASS,Pixel-inspected representative subject is materially aligned with the advertised listing class; public trust/disclosure metadata is valid.
0f084ffc-d59e-4329-9d60-c20075e2c052,EU-GMP Cannabis — Import Supply Opportunity,representative/v4/flower-extract-import.png,representative/v4/flower-extract-import.png,representative/v4/flower-extract-import.png,combined regulated flower/extract supply class,representative regulated product supply pairing packaged flower format and extract/oil container,HARBOURVIEW_ILLUSTRATIVE,No approved higher-trust production media exists; illustrative row remains eligible fallback only.,PASS,Pixel-inspected representative subject is materially aligned with the advertised listing class; public trust/disclosure metadata is valid.
b0959d9f-8a20-4d64-be2d-07841c21eead,EU-GMP Certified Dried Flower — 100kg Lot,representative/v2/bulk-flower.png,representative/v6/dried-flower.png,representative/v6/dried-flower.png,dried medicinal flower product class,dried medicinal flower material in stainless sample tray with neutral bulk pouch and amber sample jar,HARBOURVIEW_ILLUSTRATIVE,No approved higher-trust production media exists; illustrative row remains eligible fallback only.,PASS,Pixel-inspected representative subject is materially aligned with the advertised listing class; public trust/disclosure metadata is valid.
a6b55ae7-deaa-4b05-b4e6-88f87e0c0564,EU-GMP Certified Flower — Export-Ready Batches,representative/v2/bulk-flower.png,representative/v6/dried-flower.png,representative/v6/dried-flower.png,dried medicinal flower product class,dried medicinal flower material in stainless sample tray with neutral bulk pouch and amber sample jar,HARBOURVIEW_ILLUSTRATIVE,No approved higher-trust production media exists; illustrative row remains eligible fallback only.,PASS,Pixel-inspected representative subject is materially aligned with the advertised listing class; public trust/disclosure metadata is valid.
08e59baa-69fc-41d9-8fe8-678d632ad114,"EU-GMP Dried Flower — 500kg/month, Germany",representative/v2/bulk-flower.png,representative/v6/dried-flower.png,representative/v6/dried-flower.png,dried medicinal flower product class,dried medicinal flower material in stainless sample tray with neutral bulk pouch and amber sample jar,HARBOURVIEW_ILLUSTRATIVE,No approved higher-trust production media exists; illustrative row remains eligible fallback only.,PASS,Pixel-inspected representative subject is materially aligned with the advertised listing class; public trust/disclosure metadata is valid.
c4751069-0425-4c1f-8f0c-141cead72f50,Export-Ready Feminised Seeds — Phytosanitary + CITES,representative/v3/seeds.png,representative/v3/seeds.png,representative/v3/seeds.png,commercial seed stock,commercial seed stock in neutral sample containers and packaging,HARBOURVIEW_ILLUSTRATIVE,No approved higher-trust production media exists; illustrative row remains eligible fallback only.,PASS,Pixel-inspected representative subject is materially aligned with the advertised listing class; public trust/disclosure metadata is valid.
8d54141b-d4ee-4f63-afa9-cfb9e3d6b8dd,Extraction-Grade Activated Carbon — CRC and Winterisation,representative/v4/extraction-consumables.png,representative/v4/extraction-consumables.png,representative/v4/extraction-consumables.png,extraction/winterisation process consumables,process filtration and extraction/winterisation consumables,HARBOURVIEW_ILLUSTRATIVE,No approved higher-trust production media exists; illustrative row remains eligible fallback only.,PASS,Pixel-inspected representative subject is materially aligned with the advertised listing class; public trust/disclosure metadata is valid.
8a54bf17-cb27-4d6b-9d00-b6c3dd6dbf5f,Feminised Seed Programme — GMP-Compliant Genetics,representative/v3/seeds.png,representative/v3/seeds.png,representative/v3/seeds.png,commercial seed stock,commercial seed stock in neutral sample containers and packaging,HARBOURVIEW_ILLUSTRATIVE,No approved higher-trust production media exists; illustrative row remains eligible fallback only.,PASS,Pixel-inspected representative subject is materially aligned with the advertised listing class; public trust/disclosure metadata is valid.
3d9afc87-8a69-4782-8107-606a016cc9f8,Feminised Seeds — Phytosanitary + CITES,representative/v3/seeds.png,representative/v3/seeds.png,representative/v3/seeds.png,commercial seed stock,commercial seed stock in neutral sample containers and packaging,HARBOURVIEW_ILLUSTRATIVE,No approved higher-trust production media exists; illustrative row remains eligible fallback only.,PASS,Pixel-inspected representative subject is materially aligned with the advertised listing class; public trust/disclosure metadata is valid.
f46c9f28-05b2-449a-92c4-9b014fc1a60f,Feminised Seeds — Stabilised Commercial Cultivar,representative/v3/seeds.png,representative/v3/seeds.png,representative/v3/seeds.png,commercial seed stock,commercial seed stock in neutral sample containers and packaging,HARBOURVIEW_ILLUSTRATIVE,No approved higher-trust production media exists; illustrative row remains eligible fallback only.,PASS,Pixel-inspected representative subject is materially aligned with the advertised listing class; public trust/disclosure metadata is valid.
d0e318be-2ac7-4d4d-93b0-1b52991d2631,"Full-Cycle Nutrient Programme — Commercial Cannabis, EU Supply",representative/v2/cultivation-inputs.png,representative/v2/cultivation-inputs.png,representative/v2/cultivation-inputs.png,commercial cultivation nutrient inputs,commercial cultivation inputs including nutrient containers and propagation-support materials,HARBOURVIEW_ILLUSTRATIVE,No approved higher-trust production media exists; illustrative row remains eligible fallback only.,PASS,Pixel-inspected representative subject is materially aligned with the advertised listing class; public trust/disclosure metadata is valid.
ca25146b-e84c-489b-86f3-5e6d9329628f,Full-Spectrum CO₂ Oil — Refined Distillate 92% THC,representative/v3/extract-isolate.png,representative/v3/extract-isolate.png,representative/v3/extract-isolate.png,extract/isolate/distillate product class,"neutral containers holding representative extract, distillate and isolate product forms",HARBOURVIEW_ILLUSTRATIVE,No approved higher-trust production media exists; illustrative row remains eligible fallback only.,PASS,Pixel-inspected representative subject is materially aligned with the advertised listing class; public trust/disclosure metadata is valid.
87af39f8-010b-41cc-b6e6-cf13cc8f036d,GDP Cold-Chain Import Handoff — EU Gateway,representative/v2/warehouse-logistics.png,representative/v2/warehouse-logistics.png,representative/v2/warehouse-logistics.png,warehouse/logistics and controlled distribution context,"warehouse and temperature-controlled logistics containers, tote and pallet-handling supplies",HARBOURVIEW_ILLUSTRATIVE,No approved higher-trust production media exists; illustrative row remains eligible fallback only.,PASS,Pixel-inspected representative subject is materially aligned with the advertised listing class; public trust/disclosure metadata is valid.
a0171f73-5a86-4b9f-a75f-4395b343e94b,GDP Logistics Partner — Germany Pharmacy,representative/v2/warehouse-logistics.png,representative/v2/warehouse-logistics.png,representative/v2/warehouse-logistics.png,warehouse/logistics and controlled distribution context,"warehouse and temperature-controlled logistics containers, tote and pallet-handling supplies",HARBOURVIEW_ILLUSTRATIVE,No approved higher-trust production media exists; illustrative row remains eligible fallback only.,PASS,Pixel-inspected representative subject is materially aligned with the advertised listing class; public trust/disclosure metadata is valid.
5c0e478d-5ecf-4ee8-a6db-49bac4d529d2,"Glass Dispensary Jars — CR Lid, UV-Protective, Bulk (China)",representative/v3/glass-jars.png,representative/v3/glass-jars.png,representative/v3/glass-jars.png,"materially representative visual of the listing product, equipment, facility or service class",assortment of small glass concentrate and dispensary jars with child-resistant lids,HARBOURVIEW_ILLUSTRATIVE,No approved higher-trust production media exists; illustrative row remains eligible fallback only.,PASS,Pixel-inspected representative subject is materially aligned with the advertised listing class; public trust/disclosure metadata is valid.
d29d5b55-8fb9-40a3-a6e9-f69094c272e2,GMP Cannabis Extract — International Export Supply,representative/v3/extract-isolate.png,representative/v3/extract-isolate.png,representative/v3/extract-isolate.png,extract/isolate/distillate product class,"neutral containers holding representative extract, distillate and isolate product forms",HARBOURVIEW_ILLUSTRATIVE,No approved higher-trust production media exists; illustrative row remains eligible fallback only.,PASS,Pixel-inspected representative subject is materially aligned with the advertised listing class; public trust/disclosure metadata is valid.
524a6e3f-ad01-4d67-9c42-c5acc7701522,"GMP Facility Consumables — PPE, Sanitation and Maintenance Supply",representative/v2/packaging-equipment.png,representative/v2/packaging-equipment.png,representative/v2/packaging-equipment.png,"facility PPE, sanitation and maintenance consumables",facility sanitation and operational consumables arranged on a mobile utility cart,HARBOURVIEW_ILLUSTRATIVE,No approved higher-trust production media exists; illustrative row remains eligible fallback only.,PASS,Pixel-inspected representative subject is materially aligned with the advertised listing class; public trust/disclosure metadata is valid.
c262c7c2-a8c1-443e-91d5-b4057bc9a31f,GMP Gap Analysis and Audit Readiness,representative/v2/advisory-services.png,representative/v2/advisory-services.png,representative/v2/advisory-services.png,professional advisory/compliance work context,"professional advisory workstation with laptop, documents and compliance-review materials",HARBOURVIEW_ILLUSTRATIVE,No approved higher-trust production media exists; illustrative row remains eligible fallback only.,PASS,Pixel-inspected representative subject is materially aligned with the advertised listing class; public trust/disclosure metadata is valid.
5ea2cac4-fde8-436f-91c9-c1d828a4d9c3,GMP Processing Facility — Lease Assignment,representative/v3/processing-facility.png,representative/v3/processing-facility.png,representative/v3/processing-facility.png,GMP processing facility,clean GMP-style processing corridor and stainless controlled-production workspace,HARBOURVIEW_ILLUSTRATIVE,No approved higher-trust production media exists; illustrative row remains eligible fallback only.,PASS,Pixel-inspected representative subject is materially aligned with the advertised listing class; public trust/disclosure metadata is valid.
cdd70427-3b61-46fa-8603-b26e5311b1cb,GMP-Compliant Nutrient Line — Commercial Pack,representative/v2/cultivation-inputs.png,representative/v2/cultivation-inputs.png,representative/v2/cultivation-inputs.png,commercial cultivation nutrient inputs,commercial cultivation inputs including nutrient containers and propagation-support materials,HARBOURVIEW_ILLUSTRATIVE,No approved higher-trust production media exists; illustrative row remains eligible fallback only.,PASS,Pixel-inspected representative subject is materially aligned with the advertised listing class; public trust/disclosure metadata is valid.
62dab2cf-8c57-45d6-ad13-b31c6d8f4129,Graduated Glass Droppers (Bulk),representative/v3/tincture-packaging.png,representative/v3/tincture-packaging.png,representative/v3/tincture-packaging.png,tincture bottle/dropper packaging,"amber tincture bottles, droppers and related neutral primary packaging",HARBOURVIEW_ILLUSTRATIVE,No approved higher-trust production media exists; illustrative row remains eligible fallback only.,PASS,Pixel-inspected representative subject is materially aligned with the advertised listing class; public trust/disclosure metadata is valid.
d50f151b-cb0d-4a82-af85-a3d800eb873b,Health Canada Compliant Label Roll — THC/CBD Panel + Symbol (Blank),representative/v3/labels-signage.png,representative/v3/labels-signage.png,representative/v3/labels-signage.png,labels/signage and traceability materials,"blank labels, rolls, cards and compliance-signage materials",HARBOURVIEW_ILLUSTRATIVE,No approved higher-trust production media exists; illustrative row remains eligible fallback only.,PASS,Pixel-inspected representative subject is materially aligned with the advertised listing class; public trust/disclosure metadata is valid.
dda6aa86-0db2-43b9-b789-c68b2a72b93d,HPLC + GC-MS Lab Instrumentation Package,representative/v2/lab-qa.png,representative/v6/lab-testing-instrumentation.png,representative/v6/lab-testing-instrumentation.png,analytical laboratory testing/instrumentation,"analytical testing station with HPLC/autosampler, GC-MS-style instrument, vials and blank monitor",HARBOURVIEW_ILLUSTRATIVE,No approved higher-trust production media exists; illustrative row remains eligible fallback only.,PASS,Pixel-inspected representative subject is materially aligned with the advertised listing class; public trust/disclosure metadata is valid.
2275531f-1a52-421e-a205-262226e1b2ab,HPLC-Grade Solvents — Bulk Supply for Licensed Testing Labs,representative/v3/lab-consumables.png,representative/v3/lab-consumables.png,representative/v3/lab-consumables.png,analytical laboratory testing/instrumentation,"laboratory consumables including pipette supplies, sample containers and calibration materials",HARBOURVIEW_ILLUSTRATIVE,No approved higher-trust production media exists; illustrative row remains eligible fallback only.,PASS,Pixel-inspected representative subject is materially aligned with the advertised listing class; public trust/disclosure metadata is valid.
a1386fc4-003b-4558-9c4d-986b1cd6af28,Humidity Control Packs — 62% RH (Case of 100),representative/v3/humidity-curing.png,representative/v3/humidity-curing.png,representative/v3/humidity-curing.png,curing/storage/humidity-control supplies,"bulk curing/storage bags, containers and humidity-control/storage accessories",HARBOURVIEW_ILLUSTRATIVE,No approved higher-trust production media exists; illustrative row remains eligible fallback only.,PASS,Pixel-inspected representative subject is materially aligned with the advertised listing class; public trust/disclosure metadata is valid.
4057c609-399a-4085-b217-23dffb2970b0,Humidity Dome + Tray Propagation Kit,representative/v3/cultivation-hardware.png,representative/v3/cultivation-hardware.png,representative/v3/cultivation-hardware.png,propagation humidity dome and tray,"commercial irrigation/environmental-control hardware with tubing, controller and propagation dome",HARBOURVIEW_ILLUSTRATIVE,No approved higher-trust production media exists; illustrative row remains eligible fallback only.,PASS,Pixel-inspected representative subject is materially aligned with the advertised listing class; public trust/disclosure metadata is valid.
57dbc9f7-6581-4df6-a737-1cfd961759c1,Import Distribution JV — DACH Market Entry,representative/v2/advisory-services.png,representative/v2/advisory-services.png,representative/v2/advisory-services.png,warehouse/logistics and controlled distribution context,"professional advisory workstation with laptop, documents and compliance-review materials",HARBOURVIEW_ILLUSTRATIVE,No approved higher-trust production media exists; illustrative row remains eligible fallback only.,PASS,Pixel-inspected representative subject is materially aligned with the advertised listing class; public trust/disclosure metadata is valid.
53261076-9594-459b-9a0e-aa9a05cb7c60,In-Store Compliance Signage Kit (Mandatory Health Warnings),representative/v3/labels-signage.png,representative/v3/labels-signage.png,representative/v3/labels-signage.png,labels/signage and traceability materials,"blank labels, rolls, cards and compliance-signage materials",HARBOURVIEW_ILLUSTRATIVE,No approved higher-trust production media exists; illustrative row remains eligible fallback only.,PASS,Pixel-inspected representative subject is materially aligned with the advertised listing class; public trust/disclosure metadata is valid.
0c39cc61-13c3-4f2d-98e4-7a46d76acf2c,Indoor Grow Room Fit-Out Package,representative/v4/cultivation-facility.png,representative/v4/cultivation-facility.png,representative/v4/cultivation-facility.png,commercial cultivation facility/fit-out,commercial indoor cultivation room/facility fit-out with benches and cultivation infrastructure,HARBOURVIEW_ILLUSTRATIVE,No approved higher-trust production media exists; illustrative row remains eligible fallback only.,PASS,Pixel-inspected representative subject is materially aligned with the advertised listing class; public trust/disclosure metadata is valid.
21cfe1ce-adb2-4bc2-9129-cfd0b6f9eff3,Induction Sealer (Foil Liner Sealing for Bottles),representative/v4/induction-sealer.png,representative/v4/induction-sealer.png,representative/v4/induction-sealer.png,induction foil-liner sealer,bench-top induction foil-liner sealing machine,HARBOURVIEW_ILLUSTRATIVE,No approved higher-trust production media exists; illustrative row remains eligible fallback only.,PASS,Pixel-inspected representative subject is materially aligned with the advertised listing class; public trust/disclosure metadata is valid.
66581192-f794-4e25-88c3-8e55f85307f8,Industrial Bud Shredder / De-Stemmer,representative/v3/bud-shredder.png,representative/v3/bud-shredder.png,representative/v3/bud-shredder.png,industrial shredder/de-stemmer,industrial botanical-material shredder/de-stemmer machinery,HARBOURVIEW_ILLUSTRATIVE,No approved higher-trust production media exists; illustrative row remains eligible fallback only.,PASS,Pixel-inspected representative subject is materially aligned with the advertised listing class; public trust/disclosure metadata is valid.
321e6111-7b39-4d7a-931e-e94e65c11a84,ISO 17025 Batch Testing — Third-Party COA,representative/v2/lab-qa.png,representative/v6/lab-testing-instrumentation.png,representative/v6/lab-testing-instrumentation.png,analytical laboratory testing/instrumentation,"analytical testing station with HPLC/autosampler, GC-MS-style instrument, vials and blank monitor",HARBOURVIEW_ILLUSTRATIVE,No approved higher-trust production media exists; illustrative row remains eligible fallback only.,PASS,Pixel-inspected representative subject is materially aligned with the advertised listing class; public trust/disclosure metadata is valid.
8df1db6b-d0db-4696-9ba2-1bce2a8e4cfd,Lab & QA Consumables — Recurring Supply Programme,representative/v3/lab-consumables.png,representative/v3/lab-consumables.png,representative/v3/lab-consumables.png,laboratory consumables,"laboratory consumables including pipette supplies, sample containers and calibration materials",HARBOURVIEW_ILLUSTRATIVE,No approved higher-trust production media exists; illustrative row remains eligible fallback only.,PASS,Pixel-inspected representative subject is materially aligned with the advertised listing class; public trust/disclosure metadata is valid.
480ca066-c2ad-46ce-ad80-e4cb8ecf3ee1,Lab & Testing Equipment Lot,representative/v2/lab-qa.png,representative/v6/lab-testing-instrumentation.png,representative/v6/lab-testing-instrumentation.png,analytical laboratory testing/instrumentation,"analytical testing station with HPLC/autosampler, GC-MS-style instrument, vials and blank monitor",HARBOURVIEW_ILLUSTRATIVE,No approved higher-trust production media exists; illustrative row remains eligible fallback only.,PASS,Pixel-inspected representative subject is materially aligned with the advertised listing class; public trust/disclosure metadata is valid.
1e0520af-845e-4091-b908-a67a62f84f76,"Lab Pipette Tips (Bulk Case, 1000ct)",representative/v3/lab-consumables.png,representative/v3/lab-consumables.png,representative/v3/lab-consumables.png,laboratory consumables,"laboratory consumables including pipette supplies, sample containers and calibration materials",HARBOURVIEW_ILLUSTRATIVE,No approved higher-trust production media exists; illustrative row remains eligible fallback only.,PASS,Pixel-inspected representative subject is materially aligned with the advertised listing class; public trust/disclosure metadata is valid.
e77b8acf-6525-40cd-b9f8-c7ea3e8bcb64,Lab Testing — EU Pharmacopoeial Methods,representative/v2/lab-qa.png,representative/v6/lab-testing-instrumentation.png,representative/v6/lab-testing-instrumentation.png,analytical laboratory testing/instrumentation,"analytical testing station with HPLC/autosampler, GC-MS-style instrument, vials and blank monitor",HARBOURVIEW_ILLUSTRATIVE,No approved higher-trust production media exists; illustrative row remains eligible fallback only.,PASS,Pixel-inspected representative subject is materially aligned with the advertised listing class; public trust/disclosure metadata is valid.
d90dc6d4-92f4-435d-b853-40454ea43833,Licensed Cannabis Facility — Lease Opportunity,representative/v4/cultivation-facility.png,representative/v4/cultivation-facility.png,representative/v4/cultivation-facility.png,"materially representative visual of the listing product, equipment, facility or service class",commercial indoor cultivation room/facility fit-out with benches and cultivation infrastructure,HARBOURVIEW_ILLUSTRATIVE,No approved higher-trust production media exists; illustrative row remains eligible fallback only.,PASS,Pixel-inspected representative subject is materially aligned with the advertised listing class; public trust/disclosure metadata is valid.
0004dc44-c8e3-4339-b40a-2827ea04f68d,Licensed Cannabis Operation — Confidential M&A Opportunity,representative/v2/advisory-services.png,representative/v2/advisory-services.png,representative/v2/advisory-services.png,professional advisory/compliance work context,"professional advisory workstation with laptop, documents and compliance-review materials",HARBOURVIEW_ILLUSTRATIVE,No approved higher-trust production media exists; illustrative row remains eligible fallback only.,PASS,Pixel-inspected representative subject is materially aligned with the advertised listing class; public trust/disclosure metadata is valid.
782c143a-a3ec-4a59-9a64-6bb822058fbd,Licensed Cultivation Facility — Distressed Exit,representative/v4/cultivation-facility.png,representative/v4/cultivation-facility.png,representative/v4/cultivation-facility.png,commercial cultivation facility/fit-out,commercial indoor cultivation room/facility fit-out with benches and cultivation infrastructure,HARBOURVIEW_ILLUSTRATIVE,No approved higher-trust production media exists; illustrative row remains eligible fallback only.,PASS,Pixel-inspected representative subject is materially aligned with the advertised listing class; public trust/disclosure metadata is valid.
075954a9-c9e1-4205-8963-6df38d546ad8,"Master Shipping Case (Corrugated, Retail-Ready)",representative/v3/shipping-supplies.png,representative/v3/shipping-supplies.png,representative/v3/shipping-supplies.png,warehouse/shipping supplies,"shipping case, corrugated packaging, stretch film, tape and void-fill supplies",HARBOURVIEW_ILLUSTRATIVE,No approved higher-trust production media exists; illustrative row remains eligible fallback only.,PASS,Pixel-inspected representative subject is materially aligned with the advertised listing class; public trust/disclosure metadata is valid.
0fc97c1d-fc6a-4b3a-877a-3324b198d89a,"Medical Vaporiser — CE-Marked, Import-Ready",representative/v3/medical-vaporiser.png,representative/v3/medical-vaporiser.png,representative/v3/medical-vaporiser.png,handheld medical vaporiser device,handheld medical vaporiser device with neutral charging/carrying accessories,HARBOURVIEW_ILLUSTRATIVE,No approved higher-trust production media exists; illustrative row remains eligible fallback only.,PASS,Pixel-inspected representative subject is materially aligned with the advertised listing class; public trust/disclosure metadata is valid.
4ae963af-c3d2-4d63-b971-52802db324e8,Mid-Volume Automated Pre-Roll Machine,representative/v4/pre-roll-machine.png,representative/v4/pre-roll-machine.png,representative/v4/pre-roll-machine.png,automated pre-roll production machine,automated pre-roll production/filling machinery,HARBOURVIEW_ILLUSTRATIVE,No approved higher-trust production media exists; illustrative row remains eligible fallback only.,PASS,Pixel-inspected representative subject is materially aligned with the advertised listing class; public trust/disclosure metadata is valid.
d8d947dd-0ae1-4a03-b05f-7f446c8c42eb,"Oil Capsule Lot — Private Label Ready, GMP",representative/v3/capsules.png,representative/v3/capsules.png,representative/v3/capsules.png,finished pharmaceutical capsule product and neutral packaging,pharmaceutical capsules with neutral bottle and carton packaging,HARBOURVIEW_ILLUSTRATIVE,No approved higher-trust production media exists; illustrative row remains eligible fallback only.,PASS,Pixel-inspected representative subject is materially aligned with the advertised listing class; public trust/disclosure metadata is valid.
5b950bc6-013c-4226-b04b-93ac2a677877,"Organic Pre-Roll Filter Tips (Bulk, per 1000)",representative/v3/pre-roll-consumables.png,representative/v3/pre-roll-consumables.png,representative/v3/pre-roll-consumables.png,pre-roll paper/cone/filter consumables,"pre-roll cones, paper, filter-tip and rolling-paper consumables",HARBOURVIEW_ILLUSTRATIVE,No approved higher-trust production media exists; illustrative row remains eligible fallback only.,PASS,Pixel-inspected representative subject is materially aligned with the advertised listing class; public trust/disclosure metadata is valid.
914f4ae6-1dbc-4efc-bcba-415436756a86,Pallet Stretch Wrap (Bulk Rolls),representative/v3/shipping-supplies.png,representative/v3/shipping-supplies.png,representative/v3/shipping-supplies.png,warehouse/shipping supplies,"shipping case, corrugated packaging, stretch film, tape and void-fill supplies",HARBOURVIEW_ILLUSTRATIVE,No approved higher-trust production media exists; illustrative row remains eligible fallback only.,PASS,Pixel-inspected representative subject is materially aligned with the advertised listing class; public trust/disclosure metadata is valid.
7fc02f93-6852-4060-a22c-6dc701716639,pH / EC Calibration Solution Kit,representative/v3/lab-consumables.png,representative/v3/lab-consumables.png,representative/v3/lab-consumables.png,laboratory consumables,"laboratory consumables including pipette supplies, sample containers and calibration materials",HARBOURVIEW_ILLUSTRATIVE,No approved higher-trust production media exists; illustrative row remains eligible fallback only.,PASS,Pixel-inspected representative subject is materially aligned with the advertised listing class; public trust/disclosure metadata is valid.
8e86d7b8-6090-46a4-8938-482bdd6cf182,Pharmaceutical-Grade Ethanol — IDA 99.9%,representative/v3/lab-consumables.png,representative/v3/lab-consumables.png,representative/v3/lab-consumables.png,laboratory consumables,"laboratory consumables including pipette supplies, sample containers and calibration materials",HARBOURVIEW_ILLUSTRATIVE,No approved higher-trust production media exists; illustrative row remains eligible fallback only.,PASS,Pixel-inspected representative subject is materially aligned with the advertised listing class; public trust/disclosure metadata is valid.
1914872d-6ef9-435b-878b-5ee21db3ab44,"Pre-Roll Cones — 109mm King Size, Kraft/Rice (India)",representative/v3/pre-roll-consumables.png,representative/v3/pre-roll-consumables.png,representative/v3/pre-roll-consumables.png,pre-roll paper/cone/filter consumables,"pre-roll cones, paper, filter-tip and rolling-paper consumables",HARBOURVIEW_ILLUSTRATIVE,No approved higher-trust production media exists; illustrative row remains eligible fallback only.,PASS,Pixel-inspected representative subject is materially aligned with the advertised listing class; public trust/disclosure metadata is valid.
b32ecb33-7e48-4962-85d5-aae12541146d,"Pre-Roll Cones — 84mm, Rice Paper (India)",representative/v3/pre-roll-consumables.png,representative/v3/pre-roll-consumables.png,representative/v3/pre-roll-consumables.png,pre-roll paper/cone/filter consumables,"pre-roll cones, paper, filter-tip and rolling-paper consumables",HARBOURVIEW_ILLUSTRATIVE,No approved higher-trust production media exists; illustrative row remains eligible fallback only.,PASS,Pixel-inspected representative subject is materially aligned with the advertised listing class; public trust/disclosure metadata is valid.
9463dce0-0347-43f8-882a-ff1525d2c95d,"Pre-Roll Cones — 98mm, Hemp Paper (India)",representative/v3/pre-roll-consumables.png,representative/v3/pre-roll-consumables.png,representative/v3/pre-roll-consumables.png,pre-roll paper/cone/filter consumables,"pre-roll cones, paper, filter-tip and rolling-paper consumables",HARBOURVIEW_ILLUSTRATIVE,No approved higher-trust production media exists; illustrative row remains eligible fallback only.,PASS,Pixel-inspected representative subject is materially aligned with the advertised listing class; public trust/disclosure metadata is valid.
3546171e-cd0f-4178-93ab-f101fcfd295b,Pre-Roll Multi-Pack Box — 5-Count CR Slider,representative/v4/pre-roll-packaging.png,representative/v4/pre-roll-packaging.png,representative/v4/pre-roll-packaging.png,pre-roll child-resistant packaging,"pre-roll tubes, slider box and related child-resistant packaging",HARBOURVIEW_ILLUSTRATIVE,No approved higher-trust production media exists; illustrative row remains eligible fallback only.,PASS,Pixel-inspected representative subject is materially aligned with the advertised listing class; public trust/disclosure metadata is valid.
df8a5b24-86f6-4d1d-9fda-e299fc993a61,Pre-Roll Tube — 116mm CR Pop-Top (King),representative/v4/pre-roll-packaging.png,representative/v4/pre-roll-packaging.png,representative/v4/pre-roll-packaging.png,pre-roll child-resistant packaging,"pre-roll tubes, slider box and related child-resistant packaging",HARBOURVIEW_ILLUSTRATIVE,No approved higher-trust production media exists; illustrative row remains eligible fallback only.,PASS,Pixel-inspected representative subject is materially aligned with the advertised listing class; public trust/disclosure metadata is valid.
ccb1d6b6-7b88-46ee-8e40-ff29b0266f22,Pre-Roll Tube — 84mm CR Pop-Top (Single),representative/v4/pre-roll-packaging.png,representative/v4/pre-roll-packaging.png,representative/v4/pre-roll-packaging.png,pre-roll child-resistant packaging,"pre-roll tubes, slider box and related child-resistant packaging",HARBOURVIEW_ILLUSTRATIVE,No approved higher-trust production media exists; illustrative row remains eligible fallback only.,PASS,Pixel-inspected representative subject is materially aligned with the advertised listing class; public trust/disclosure metadata is valid.
c4433dad-3a36-48a8-a9a8-8f8990bbff40,Regulatory Counsel — Import Permit and Licensing,representative/v2/advisory-services.png,representative/v2/advisory-services.png,representative/v2/advisory-services.png,professional advisory/compliance work context,"professional advisory workstation with laptop, documents and compliance-review materials",HARBOURVIEW_ILLUSTRATIVE,No approved higher-trust production media exists; illustrative row remains eligible fallback only.,PASS,Pixel-inspected representative subject is materially aligned with the advertised listing class; public trust/disclosure metadata is valid.
c74fb314-6546-4714-b0a8-6ca6c3d5d501,"Regulatory-Compliant Labels — Canada, Germany, UK Formats",representative/v3/labels-signage.png,representative/v3/labels-signage.png,representative/v3/labels-signage.png,labels/signage and traceability materials,"blank labels, rolls, cards and compliance-signage materials",HARBOURVIEW_ILLUSTRATIVE,No approved higher-trust production media exists; illustrative row remains eligible fallback only.,PASS,Pixel-inspected representative subject is materially aligned with the advertised listing class; public trust/disclosure metadata is valid.
480fd81b-74c2-4591-9f29-96ce03548ffb,Retail Dispensary Licence — Transfer Ready,representative/v5/retail-facility.png,representative/v5/retail-facility.png,representative/v5/retail-facility.png,regulated dispensary/pharmacy retail environment,regulated pharmacy/dispensary-style retail interior with counter and secured product shelving,HARBOURVIEW_ILLUSTRATIVE,No approved higher-trust production media exists; illustrative row remains eligible fallback only.,PASS,Pixel-inspected representative subject is materially aligned with the advertised listing class; public trust/disclosure metadata is valid.
28accca1-c3f8-4cb9-9b93-e2b7739975ea,Rockwool Propagation Cubes (Case),representative/v3/grow-media-propagation.png,representative/v3/grow-media-propagation.png,representative/v3/grow-media-propagation.png,cultivation substrate/grow media,"compressed grow medium, propagation cubes and tray-based substrate supplies",HARBOURVIEW_ILLUSTRATIVE,No approved higher-trust production media exists; illustrative row remains eligible fallback only.,PASS,Pixel-inspected representative subject is materially aligned with the advertised listing class; public trust/disclosure metadata is valid.
1ac55676-556f-4729-861c-0c86e1439f69,"Rolling Papers — Unbleached Hemp, King Slim (Booklet of 32)",representative/v3/pre-roll-consumables.png,representative/v3/pre-roll-consumables.png,representative/v3/pre-roll-consumables.png,pre-roll paper/cone/filter consumables,"pre-roll cones, paper, filter-tip and rolling-paper consumables",HARBOURVIEW_ILLUSTRATIVE,No approved higher-trust production media exists; illustrative row remains eligible fallback only.,PASS,Pixel-inspected representative subject is materially aligned with the advertised listing class; public trust/disclosure metadata is valid.
419069a4-f562-4986-a31d-55d56a79695c,"Rooted Cuttings — Tissue-Cultured, Certified Pathogen-Free",representative/v3/rooted-cuttings.png,representative/v3/rooted-cuttings.png,representative/v3/rooted-cuttings.png,rooted propagation cuttings,tray of young rooted propagation cuttings,HARBOURVIEW_ILLUSTRATIVE,No approved higher-trust production media exists; illustrative row remains eligible fallback only.,PASS,Pixel-inspected representative subject is materially aligned with the advertised listing class; public trust/disclosure metadata is valid.
0b8baad3-9e11-45dd-8e2d-adf0a88f095e,Semi-Automatic Capping Machine (CR Cap Application),representative/v4/capping-machine.png,representative/v4/capping-machine.png,representative/v4/capping-machine.png,semi-automatic capping equipment,semi-automatic bottle/container capping machine,HARBOURVIEW_ILLUSTRATIVE,No approved higher-trust production media exists; illustrative row remains eligible fallback only.,PASS,Pixel-inspected representative subject is materially aligned with the advertised listing class; public trust/disclosure metadata is valid.
c5510c9f-cd35-4513-b52a-e9b6ff48a096,Semi-Automatic Case Erector/Sealer,representative/v4/case-erector-sealer.png,representative/v4/case-erector-sealer.png,representative/v4/case-erector-sealer.png,case erecting/sealing equipment,semi-automatic corrugated case erecting and sealing equipment,HARBOURVIEW_ILLUSTRATIVE,No approved higher-trust production media exists; illustrative row remains eligible fallback only.,PASS,Pixel-inspected representative subject is materially aligned with the advertised listing class; public trust/disclosure metadata is valid.
351587e3-5060-4581-951e-3ac8910a078f,Semi-Automatic Label Applicator,representative/v4/label-applicator.png,representative/v4/label-applicator.png,representative/v4/label-applicator.png,semi-automatic label applicator,semi-automatic container label applicator,HARBOURVIEW_ILLUSTRATIVE,No approved higher-trust production media exists; illustrative row remains eligible fallback only.,PASS,Pixel-inspected representative subject is materially aligned with the advertised listing class; public trust/disclosure metadata is valid.
a2afa5f0-39f0-4d6f-9424-c2f913444326,Short-Path Distillation Train — 50L/day,representative/v5/co2-extraction-system.png,representative/v6/short-path-distillation.png,representative/v6/short-path-distillation.png,short-path vacuum distillation equipment,"commercial short-path vacuum distillation apparatus with heated feed vessel, glassware, condenser and vacuum pump",HARBOURVIEW_ILLUSTRATIVE,No approved higher-trust production media exists; illustrative row remains eligible fallback only.,PASS,Pixel-inspected representative subject is materially aligned with the advertised listing class; public trust/disclosure metadata is valid.
48c8de76-dfbd-4c68-ac3c-ccb3714177f4,Sterile Substrate and Growth Media — Bulk,representative/v3/grow-media-propagation.png,representative/v3/grow-media-propagation.png,representative/v3/grow-media-propagation.png,cultivation substrate/grow media,"compressed grow medium, propagation cubes and tray-based substrate supplies",HARBOURVIEW_ILLUSTRATIVE,No approved higher-trust production media exists; illustrative row remains eligible fallback only.,PASS,Pixel-inspected representative subject is materially aligned with the advertised listing class; public trust/disclosure metadata is valid.
95d3be62-db4f-4392-aced-b461d71452bc,Tamper-Evident Sample Collection Bags (Bulk),representative/v3/lab-consumables.png,representative/v3/lab-consumables.png,representative/v3/lab-consumables.png,laboratory consumables,"laboratory consumables including pipette supplies, sample containers and calibration materials",HARBOURVIEW_ILLUSTRATIVE,No approved higher-trust production media exists; illustrative row remains eligible fallback only.,PASS,Pixel-inspected representative subject is materially aligned with the advertised listing class; public trust/disclosure metadata is valid.
bf5e3b14-e13b-4b43-9675-c0e0a78250f8,Tamper-Evident Security Tape (Case Sealing),representative/v3/shipping-supplies.png,representative/v3/shipping-supplies.png,representative/v3/shipping-supplies.png,warehouse/shipping supplies,"shipping case, corrugated packaging, stretch film, tape and void-fill supplies",HARBOURVIEW_ILLUSTRATIVE,No approved higher-trust production media exists; illustrative row remains eligible fallback only.,PASS,Pixel-inspected representative subject is materially aligned with the advertised listing class; public trust/disclosure metadata is valid.
f1498a13-ac4f-4086-980e-de4ff15640c5,"Tincture Filling Machine (Semi-Automatic, Volumetric)",representative/v4/tincture-filling-machine.png,representative/v4/tincture-filling-machine.png,representative/v4/tincture-filling-machine.png,liquid/tincture filling equipment,semi-automatic liquid/tincture bottle filling machine,HARBOURVIEW_ILLUSTRATIVE,No approved higher-trust production media exists; illustrative row remains eligible fallback only.,PASS,Pixel-inspected representative subject is materially aligned with the advertised listing class; public trust/disclosure metadata is valid.
aa19fbf1-85b9-4c89-9abf-43e596e11abe,Trellis Netting (100ft Roll),representative/v4/trellis-netting.png,representative/v4/trellis-netting.png,representative/v4/trellis-netting.png,cultivation trellis netting,roll of cultivation trellis netting,HARBOURVIEW_ILLUSTRATIVE,No approved higher-trust production media exists; illustrative row remains eligible fallback only.,PASS,Pixel-inspected representative subject is materially aligned with the advertised listing class; public trust/disclosure metadata is valid.
a86986c2-e125-48eb-9425-217624f773a8,Two-Way Humidity Control Packs — 69% RH (Bulk Case),representative/v3/humidity-curing.png,representative/v3/humidity-curing.png,representative/v3/humidity-curing.png,curing/storage/humidity-control supplies,"bulk curing/storage bags, containers and humidity-control/storage accessories",HARBOURVIEW_ILLUSTRATIVE,No approved higher-trust production media exists; illustrative row remains eligible fallback only.,PASS,Pixel-inspected representative subject is materially aligned with the advertised listing class; public trust/disclosure metadata is valid.
ce6565b7-871b-46b8-b75b-27e0ade0a2d0,Unbleached Parchment / Wax Paper Squares (Bulk),representative/v4/parchment-squares.png,representative/v4/parchment-squares.png,representative/v4/parchment-squares.png,parchment/wax-paper sheets,stacked parchment/wax-paper sheets and bulk carton,HARBOURVIEW_ILLUSTRATIVE,No approved higher-trust production media exists; illustrative row remains eligible fallback only.,PASS,Pixel-inspected representative subject is materially aligned with the advertised listing class; public trust/disclosure metadata is valid.
c58f94f8-47d1-4591-96fb-dc9ad71ae0ff,Unbleached Pre-Roll Cones — 109mm King (Bulk),representative/v3/pre-roll-consumables.png,representative/v3/pre-roll-consumables.png,representative/v3/pre-roll-consumables.png,pre-roll paper/cone/filter consumables,"pre-roll cones, paper, filter-tip and rolling-paper consumables",HARBOURVIEW_ILLUSTRATIVE,No approved higher-trust production media exists; illustrative row remains eligible fallback only.,PASS,Pixel-inspected representative subject is materially aligned with the advertised listing class; public trust/disclosure metadata is valid.
48fd4f27-bbc9-4dc1-b453-c107c3e182bd,Unbleached Pre-Roll Cones — 84mm (Bulk),representative/v3/pre-roll-consumables.png,representative/v3/pre-roll-consumables.png,representative/v3/pre-roll-consumables.png,pre-roll paper/cone/filter consumables,"pre-roll cones, paper, filter-tip and rolling-paper consumables",HARBOURVIEW_ILLUSTRATIVE,No approved higher-trust production media exists; illustrative row remains eligible fallback only.,PASS,Pixel-inspected representative subject is materially aligned with the advertised listing class; public trust/disclosure metadata is valid.
a20ccbad-c887-4dc0-ace7-53d5acf6655a,Used Extraction Chiller Package,representative/v4/extraction-chiller.png,representative/v4/extraction-chiller.png,representative/v4/extraction-chiller.png,industrial extraction/process chiller,industrial process chiller and circulation equipment,HARBOURVIEW_ILLUSTRATIVE,No approved higher-trust production media exists; illustrative row remains eligible fallback only.,PASS,Pixel-inspected representative subject is materially aligned with the advertised listing class; public trust/disclosure metadata is valid.
9d90a02d-7241-461c-a6eb-1259c825bbd2,Vacuum-Seal Bulk Storage Bag (1kg Format),representative/v3/humidity-curing.png,representative/v3/humidity-curing.png,representative/v3/humidity-curing.png,curing/storage/humidity-control supplies,"bulk curing/storage bags, containers and humidity-control/storage accessories",HARBOURVIEW_ILLUSTRATIVE,No approved higher-trust production media exists; illustrative row remains eligible fallback only.,PASS,Pixel-inspected representative subject is materially aligned with the advertised listing class; public trust/disclosure metadata is valid.
66dcee2e-918c-4b04-964b-679a23dd8e24,"Vape Cartridge Filling Machine (Semi-Automatic, Peristaltic)",representative/v4/vape-filling-machine.png,representative/v4/vape-filling-machine.png,representative/v4/vape-filling-machine.png,vape-cartridge filling equipment,semi-automatic cartridge liquid-filling machine,HARBOURVIEW_ILLUSTRATIVE,No approved higher-trust production media exists; illustrative row remains eligible fallback only.,PASS,Pixel-inspected representative subject is materially aligned with the advertised listing class; public trust/disclosure metadata is valid.
8902fda4-8bfa-4a76-bbb8-99eac67c3396,Void Fill Air Pillows (Bulk),representative/v3/shipping-supplies.png,representative/v3/shipping-supplies.png,representative/v3/shipping-supplies.png,warehouse/shipping supplies,"shipping case, corrugated packaging, stretch film, tape and void-fill supplies",HARBOURVIEW_ILLUSTRATIVE,No approved higher-trust production media exists; illustrative row remains eligible fallback only.,PASS,Pixel-inspected representative subject is materially aligned with the advertised listing class; public trust/disclosure metadata is valid.
6ecdc403-93da-400a-b54d-b24c02f157e4,"WANTED: Child-Resistant Pouches — Germany, 500k Units, Q3 2026",representative/v2/packaging-pouches.png,representative/v2/packaging-pouches.png,representative/v2/packaging-pouches.png,child-resistant pouch/exit-bag packaging,assortment of blank child-resistant stand-up pouches and exit-bag formats,HARBOURVIEW_ILLUSTRATIVE,No approved higher-trust production media exists; illustrative row remains eligible fallback only.,PASS,Pixel-inspected representative subject is materially aligned with the advertised listing class; public trust/disclosure metadata is valid.
2cbfc21e-4f02-4f84-9e2b-7b591048cb08,"WANTED: Concentrate Jars — Poland, 5ml & 10ml, Medical Channel",representative/v3/glass-jars.png,representative/v3/glass-jars.png,representative/v3/glass-jars.png,glass jar packaging,assortment of small glass concentrate and dispensary jars with child-resistant lids,HARBOURVIEW_ILLUSTRATIVE,No approved higher-trust production media exists; illustrative row remains eligible fallback only.,PASS,Pixel-inspected representative subject is materially aligned with the advertised listing class; public trust/disclosure metadata is valid.
8eab4cd4-ef6c-471d-b979-7ff229c14023,"WANTED: CR Exit Bags — Netherlands, Dispensary Channel, 100k/Month",representative/v2/packaging-pouches.png,representative/v2/packaging-pouches.png,representative/v2/packaging-pouches.png,child-resistant pouch/exit-bag packaging,assortment of blank child-resistant stand-up pouches and exit-bag formats,HARBOURVIEW_ILLUSTRATIVE,No approved higher-trust production media exists; illustrative row remains eligible fallback only.,PASS,Pixel-inspected representative subject is materially aligned with the advertised listing class; public trust/disclosure metadata is valid.
ecb6e1ad-7dcc-49d4-8580-95720a8f233d,"WANTED: Full Packaging Suite — France, Pharmacy-Grade, CR Compliant",representative/v4/mixed-packaging-suite.png,representative/v4/mixed-packaging-suite.png,representative/v4/mixed-packaging-suite.png,mixed or pharmaceutical packaging suite,mixed child-resistant primary and secondary packaging suite,HARBOURVIEW_ILLUSTRATIVE,No approved higher-trust production media exists; illustrative row remains eligible fallback only.,PASS,Pixel-inspected representative subject is materially aligned with the advertised listing class; public trust/disclosure metadata is valid.
4d2d3022-50f4-4497-b488-0ac157f1ab0f,"WANTED: Glass Dispensary Jars — Australia, TGA-Compliant Packaging",representative/v3/glass-jars.png,representative/v3/glass-jars.png,representative/v3/glass-jars.png,"materially representative visual of the listing product, equipment, facility or service class",assortment of small glass concentrate and dispensary jars with child-resistant lids,HARBOURVIEW_ILLUSTRATIVE,No approved higher-trust production media exists; illustrative row remains eligible fallback only.,PASS,Pixel-inspected representative subject is materially aligned with the advertised listing class; public trust/disclosure metadata is valid.
36b28436-79db-48dd-8dae-f9730ff739c7,"WANTED: Hemp Paper Pre-Roll Cones — UK Licensed Operator, 84mm & 98mm",representative/v3/pre-roll-consumables.png,representative/v3/pre-roll-consumables.png,representative/v3/pre-roll-consumables.png,pre-roll paper/cone/filter consumables,"pre-roll cones, paper, filter-tip and rolling-paper consumables",HARBOURVIEW_ILLUSTRATIVE,No approved higher-trust production media exists; illustrative row remains eligible fallback only.,PASS,Pixel-inspected representative subject is materially aligned with the advertised listing class; public trust/disclosure metadata is valid.
5d678230-8bc5-4a0e-8ddc-66778d126b76,"WANTED: Humidity Control Packs — Canada, 58% & 62% RH, High Volume",representative/v3/humidity-curing.png,representative/v3/humidity-curing.png,representative/v3/humidity-curing.png,curing/storage/humidity-control supplies,"bulk curing/storage bags, containers and humidity-control/storage accessories",HARBOURVIEW_ILLUSTRATIVE,No approved higher-trust production media exists; illustrative row remains eligible fallback only.,PASS,Pixel-inspected representative subject is materially aligned with the advertised listing class; public trust/disclosure metadata is valid.
bd6f70b5-e513-4e25-9f5a-7df49d9d7775,"WANTED: Pre-Roll Cones — Brazil, Export Documentation Ready, High Volume",representative/v3/pre-roll-consumables.png,representative/v3/pre-roll-consumables.png,representative/v3/pre-roll-consumables.png,pre-roll paper/cone/filter consumables,"pre-roll cones, paper, filter-tip and rolling-paper consumables",HARBOURVIEW_ILLUSTRATIVE,No approved higher-trust production media exists; illustrative row remains eligible fallback only.,PASS,Pixel-inspected representative subject is materially aligned with the advertised listing class; public trust/disclosure metadata is valid.
239c5b67-8bc3-49a4-a766-c107dda01936,"Wholesale Biomass — EU-GACP, Portugal",representative/v2/hemp-biomass.png,representative/v6/biomass.png,representative/v6/biomass.png,bulk dried botanical biomass material,"bulk dried chopped botanical biomass in lined tote, stainless sample tray and sealed bulk sack",HARBOURVIEW_ILLUSTRATIVE,No approved higher-trust production media exists; illustrative row remains eligible fallback only.,PASS,Pixel-inspected representative subject is materially aligned with the advertised listing class; public trust/disclosure metadata is valid.
